,Player_Name,PA,AB,Hits,R,HR,RBI,SB,BA,xBA,OBP,BABIP,ISO,SLG,wOBA,xwOBA,BB/PA,K/PA,Launch_Speed,Launch_Angle,Whiffs,Swings,Takes,wRC+,WAR,playerid
0,A.J. Ellis,163,143,30,17,6,14,0,0.21,0.19699999999999998,0.298,0.222,0.161,0.371,0.294,0.273,0.07400000000000001,0.17800000000000002,80.8,16.5,52,270,365,80,0.2,5677
1,A.J. Pollock,466,425,113,73,14,49,20,0.266,0.265,0.33,0.29100000000000004,0.205,0.47100000000000003,0.34,0.331,0.075,0.152,82.9,10.7,139,737,995,103,2.1,9256
2,Aaron Altherr,412,372,101,58,19,65,5,0.272,0.244,0.34,0.32799999999999996,0.245,0.516,0.359,0.33,0.078,0.252,83.3,14.3,212,708,878,120,1.3,11270
3,Aaron Hicks,361,301,80,54,15,52,10,0.266,0.233,0.37200000000000005,0.29,0.209,0.475,0.363,0.335,0.141,0.18600000000000003,83.0,16.5,154,579,896,127,3.3,5297
4,Aaron Judge,678,542,154,128,52,114,9,0.284,0.278,0.42200000000000004,0.35700000000000004,0.34299999999999997,0.627,0.43,0.446,0.187,0.307,85.1,17.5,429,1228,1756,173,8.2,15640
5,Abraham Almonte,195,172,40,26,3,14,2,0.233,0.231,0.314,0.298,0.134,0.366,0.298,0.301,0.10300000000000001,0.23600000000000002,83.1,8.3,97,363,403,81,-0.1,5486
6,Adam Duvall,647,587,146,78,31,99,5,0.249,0.217,0.301,0.29,0.23199999999999998,0.48,0.327,0.295,0.06,0.263,81.5,22.8,312,1196,1278,98,1.8,10950
7,Adam Eaton,107,91,27,24,2,13,3,0.297,0.228,0.39299999999999996,0.34700000000000003,0.165,0.462,0.369,0.319,0.131,0.168,81.9,14.3,39,188,252,126,0.5,11205
8,Adam Engel,336,301,50,34,6,21,8,0.166,0.16399999999999998,0.235,0.247,0.11599999999999999,0.282,0.23,0.223,0.057,0.348,76.4,17.8,218,628,672,37,-0.7,15082
9,Adam Frazier,454,406,112,55,6,53,9,0.276,0.275,0.344,0.306,0.12300000000000001,0.39899999999999997,0.322,0.325,0.079,0.126,80.6,14.6,108,803,940,97,1.1,15223
10,Adam Jones,635,597,170,82,26,73,2,0.285,0.258,0.322,0.312,0.18100000000000002,0.466,0.33399999999999996,0.313,0.043,0.17800000000000002,81.7,17.8,325,1329,944,107,1.7,6368
11,Adam Lind,301,267,81,39,14,59,1,0.303,0.29100000000000004,0.36200000000000004,0.316,0.21,0.513,0.363,0.379,0.09300000000000001,0.156,85.4,14.9,95,529,644,122,0.9,8027
12,Adam Rosales,312,289,65,25,7,36,1,0.225,0.18899999999999997,0.26,0.312,0.128,0.353,0.261,0.226,0.035,0.321,80.3,16.5,208,582,629,57,-0.5,9682
13,Addison Russell,385,352,84,52,12,43,2,0.239,0.24,0.304,0.289,0.179,0.418,0.305,0.306,0.075,0.23600000000000002,82.7,20.7,204,740,737,84,1.4,14106
14,Adeiny Hechavarria,348,330,86,37,8,30,4,0.261,0.26,0.289,0.304,0.145,0.406,0.295,0.293,0.037000000000000005,0.193,80.8,14.7,166,674,491,83,1.3,10459
15,Adonis Garcia,183,173,41,19,5,19,4,0.237,0.257,0.273,0.247,0.11,0.34700000000000003,0.26899999999999996,0.297,0.038,0.126,81.3,12.7,74,372,332,61,-0.4,13777
16,Adrian Beltre,389,340,106,47,17,71,1,0.312,0.276,0.38299999999999995,0.321,0.221,0.532,0.384,0.355,0.1,0.134,81.7,17.7,138,738,836,138,3.1,639
17,Adrian Gonzalez,252,231,56,14,3,30,0,0.242,0.252,0.287,0.28,0.113,0.355,0.275,0.303,0.063,0.171,83.0,14.2,110,451,444,69,-1.1,1908
18,Albert Almora Jr.,323,299,89,39,8,46,1,0.298,0.255,0.33799999999999997,0.33799999999999997,0.147,0.445,0.33399999999999996,0.299,0.059000000000000004,0.16399999999999998,82.1,12.1,141,573,533,103,1.2,14109
19,Albert Pujols,636,593,143,53,23,101,3,0.24100000000000002,0.268,0.28600000000000003,0.249,0.145,0.386,0.28600000000000003,0.326,0.057999999999999996,0.146,84.5,16.5,241,1172,1311,78,-2.0,1177
20,Alcides Escobar,629,599,150,71,6,54,4,0.25,0.243,0.272,0.29100000000000004,0.107,0.35700000000000004,0.26899999999999996,0.265,0.024,0.162,79.2,17.6,247,1186,1025,62,0.5,6310
21,Aledmys Diaz,301,286,74,31,7,20,4,0.259,0.231,0.29,0.282,0.133,0.392,0.29100000000000004,0.263,0.043,0.14,81.4,16.8,124,560,504,78,0.2,15937
22,Alen Hanson,234,217,48,36,4,11,11,0.221,0.19399999999999998,0.262,0.268,0.124,0.34600000000000003,0.261,0.23,0.051,0.222,78.5,11.9,110,430,417,59,-0.8,12926
23,Alex Avila,376,311,82,41,14,49,0,0.264,0.272,0.387,0.382,0.183,0.447,0.36200000000000004,0.401,0.165,0.319,86.4,16.0,216,593,1016,124,2.5,7476
24,Alex Bregman,626,556,158,88,19,71,17,0.284,0.271,0.35200000000000004,0.311,0.191,0.475,0.35100000000000003,0.33799999999999997,0.08800000000000001,0.155,83.0,21.1,170,1030,1264,122,3.8,17678
25,Alex Gordon,541,476,99,52,9,45,7,0.20800000000000002,0.22399999999999998,0.293,0.261,0.107,0.315,0.26899999999999996,0.3,0.083,0.233,81.0,17.3,241,1042,1142,62,0.0,5209
26,Alex Presley,264,245,77,30,3,20,5,0.314,0.281,0.354,0.38299999999999995,0.102,0.41600000000000004,0.33399999999999996,0.303,0.057,0.18600000000000003,78.4,14.4,92,502,560,106,0.5,5305
27,Alexi Amarista,176,168,40,22,3,19,1,0.23800000000000002,0.21600000000000003,0.26899999999999996,0.29100000000000004,0.113,0.35100000000000003,0.267,0.23399999999999999,0.04,0.21600000000000003,79.0,17.3,69,357,341,45,-1.2,9063
28,Allen Cordoba,227,202,42,17,4,15,2,0.20800000000000002,0.217,0.282,0.259,0.08900000000000001,0.297,0.256,0.27,0.079,0.23800000000000002,77.0,10.0,107,377,474,57,-1.1,15722
29,Amed Rosario,170,165,41,16,4,10,7,0.248,0.205,0.271,0.33,0.145,0.39399999999999996,0.282,0.228,0.018000000000000002,0.28800000000000003,78.7,12.5,127,355,284,74,0.3,15518
30,Andrelton Simmons,647,589,164,77,14,69,19,0.278,0.256,0.331,0.29100000000000004,0.14300000000000002,0.42100000000000004,0.32299999999999995,0.304,0.073,0.10400000000000001,81.3,11.8,143,1053,1229,103,4.9,10847
31,Andres Blanco,144,130,25,10,3,13,1,0.192,0.18899999999999997,0.257,0.23199999999999998,0.1,0.292,0.243,0.248,0.083,0.23600000000000002,80.2,16.7,88,294,258,44,-0.4,1907
32,Andrew Benintendi,658,573,155,84,20,90,20,0.271,0.255,0.35200000000000004,0.301,0.154,0.424,0.332,0.33399999999999996,0.106,0.17,81.7,20.4,214,1113,1410,103,2.2,17901
33,Andrew Knapp,204,171,44,26,3,13,1,0.257,0.22699999999999998,0.368,0.36,0.111,0.368,0.321,0.315,0.152,0.275,82.7,12.2,95,343,473,95,0.7,14942
34,Andrew McCutchen,650,570,159,94,28,88,11,0.27899999999999997,0.267,0.363,0.305,0.207,0.486,0.36,0.354,0.11199999999999999,0.17800000000000002,83.5,17.5,249,1175,1439,122,3.7,9847
35,Andrew Romine,348,318,74,45,4,25,6,0.233,0.239,0.289,0.281,0.10400000000000001,0.336,0.27399999999999997,0.282,0.063,0.193,78.6,12.7,165,707,617,65,-0.4,1159
36,Andrew Toles,102,96,26,17,5,15,0,0.271,0.24600000000000002,0.314,0.28,0.188,0.45799999999999996,0.32899999999999996,0.314,0.049,0.157,81.4,13.0,35,198,182,104,0.5,13414
37,Anthony Rendon,605,508,153,81,25,100,7,0.301,0.268,0.40299999999999997,0.314,0.23199999999999998,0.5329999999999999,0.39399999999999996,0.368,0.139,0.136,83.9,21.4,152,1068,1568,142,6.9,12861
38,Anthony Rizzo,691,572,156,99,32,109,10,0.273,0.28300000000000003,0.392,0.273,0.23399999999999999,0.507,0.38,0.397,0.132,0.13,83.4,21.0,231,1261,1433,133,4.0,3473
39,Arismendy Alcantara,108,105,18,13,1,7,2,0.171,0.162,0.187,0.258,0.076,0.248,0.187,0.17300000000000001,0.019,0.35200000000000004,78.0,12.0,73,212,202,6,-0.7,10711
40,Asdrubal Cabrera,540,479,134,66,14,59,3,0.28,0.264,0.35100000000000003,0.31,0.154,0.434,0.33799999999999997,0.33399999999999996,0.09300000000000001,0.154,81.0,16.0,183,965,1088,111,1.3,4962
41,Austin Barnes,262,218,63,35,8,38,4,0.289,0.278,0.408,0.32899999999999996,0.19699999999999998,0.486,0.386,0.37,0.149,0.16399999999999998,83.4,14.9,56,389,674,142,2.5,12158
42,Austin Hedges,417,387,83,36,18,55,4,0.214,0.2,0.262,0.26,0.183,0.39799999999999996,0.278,0.26,0.055,0.293,81.9,20.2,261,815,717,71,0.6,12976
43,Austin Jackson,318,280,89,46,7,35,3,0.318,0.271,0.387,0.385,0.16399999999999998,0.48200000000000004,0.371,0.335,0.10400000000000001,0.201,82.1,15.1,126,576,787,131,1.8,9848
44,Austin Romine,252,229,50,19,2,21,0,0.218,0.254,0.272,0.27699999999999997,0.07400000000000001,0.293,0.25,0.297,0.063,0.226,79.8,14.6,123,467,481,49,-0.6,5491
45,Austin Slater,127,117,33,15,3,16,0,0.282,0.217,0.33899999999999997,0.353,0.12,0.402,0.32299999999999995,0.27,0.063,0.228,84.5,8.1,59,219,245,100,0.4,16153
46,Avisail Garcia,561,518,171,75,18,80,5,0.33,0.27899999999999997,0.38,0.392,0.17600000000000002,0.506,0.375,0.353,0.059000000000000004,0.198,83.4,12.9,345,1176,810,137,4.2,5760
47,Ben Gamel,550,509,140,68,11,59,4,0.275,0.244,0.322,0.34,0.138,0.413,0.315,0.29,0.065,0.222,81.6,14.5,205,977,1208,99,1.6,12160
48,Ben Revere,308,291,80,37,1,20,21,0.275,0.284,0.308,0.29600000000000004,0.069,0.344,0.284,0.3,0.049,0.081,78.0,8.2,46,484,628,77,0.0,4712
49,Ben Zobrist,496,435,101,58,12,50,2,0.23199999999999998,0.253,0.318,0.251,0.14300000000000002,0.375,0.302,0.322,0.109,0.14300000000000002,82.2,12.3,105,761,1167,82,0.3,7435
50,Billy Hamilton,633,582,144,85,4,38,59,0.247,0.215,0.299,0.313,0.08800000000000001,0.335,0.278,0.243,0.07,0.21,74.8,14.2,224,1141,1349,66,1.2,10199
51,Boog Powell,135,117,33,24,3,12,0,0.282,0.21600000000000003,0.358,0.349,0.12,0.402,0.331,0.275,0.111,0.222,79.9,17.1,45,217,346,108,0.6,15103
52,Brad Miller,407,338,68,43,9,40,5,0.201,0.209,0.327,0.265,0.136,0.337,0.294,0.316,0.155,0.27,80.5,17.9,236,754,893,83,-0.1,12775
53,Bradley Zimmer,332,299,72,41,8,39,18,0.24100000000000002,0.21600000000000003,0.307,0.32799999999999996,0.14400000000000002,0.385,0.299,0.292,0.078,0.298,81.2,13.4,191,610,685,81,1.6,16221
54,Brandon Belt,451,382,92,63,18,51,3,0.24100000000000002,0.26,0.355,0.284,0.228,0.469,0.35200000000000004,0.379,0.146,0.231,81.9,21.8,209,842,1003,119,2.3,10264
55,Brandon Crawford,570,518,131,58,14,77,3,0.253,0.245,0.305,0.293,0.151,0.40299999999999997,0.301,0.312,0.07400000000000001,0.198,82.3,17.4,312,1114,1054,86,2.0,5343
56,Brandon Drury,480,445,119,41,13,63,1,0.267,0.253,0.317,0.32,0.18,0.447,0.325,0.31,0.057999999999999996,0.215,82.5,10.1,198,839,1001,92,1.2,11615
57,Brandon Guyer,192,165,39,23,2,20,2,0.23600000000000002,0.233,0.326,0.303,0.091,0.327,0.293,0.297,0.078,0.22399999999999998,78.1,17.5,79,324,425,78,0.0,2636
58,Brandon Moss,401,362,75,41,22,50,2,0.207,0.23,0.27899999999999997,0.248,0.221,0.428,0.301,0.336,0.092,0.319,82.7,22.6,283,795,852,84,-0.5,4467
59,Brandon Nimmo,215,177,46,26,5,21,2,0.26,0.247,0.379,0.36,0.158,0.418,0.348,0.34600000000000003,0.153,0.27899999999999997,80.8,15.1,85,349,595,117,1.1,12927
60,Brandon Phillips,604,572,163,81,13,60,11,0.285,0.27399999999999997,0.319,0.308,0.131,0.41600000000000004,0.316,0.304,0.035,0.121,78.5,12.5,239,1183,914,93,1.6,791
61,Brett Gardner,682,594,157,96,21,63,23,0.264,0.253,0.35,0.3,0.163,0.428,0.336,0.322,0.106,0.179,81.6,14.7,162,1038,1832,108,3.8,9927
62,Brett Phillips,98,87,24,9,4,12,5,0.276,0.21,0.35100000000000003,0.408,0.172,0.44799999999999995,0.33799999999999997,0.28600000000000003,0.092,0.34700000000000003,78.7,14.4,57,178,246,104,1.0,14735
63,Brian Anderson,95,84,22,11,0,8,0,0.262,0.25,0.337,0.386,0.107,0.369,0.309,0.317,0.105,0.295,80.6,12.9,54,180,204,90,0.2,18289
64,Brian Dozier,705,617,167,106,34,93,16,0.271,0.237,0.359,0.3,0.22699999999999998,0.498,0.36200000000000004,0.33899999999999997,0.111,0.2,83.0,20.9,290,1174,1639,125,5.0,9810
65,Brian Goodwin,278,251,63,41,13,30,6,0.251,0.242,0.313,0.29100000000000004,0.247,0.498,0.337,0.324,0.083,0.248,81.5,16.7,120,468,668,105,0.5,12858
66,Brian McCann,399,349,84,47,18,62,1,0.24100000000000002,0.254,0.32299999999999995,0.237,0.195,0.436,0.32299999999999995,0.336,0.095,0.145,83.0,18.9,116,680,892,103,1.6,4810
67,Brock Holt,164,140,28,20,0,7,2,0.2,0.18899999999999997,0.305,0.259,0.043,0.243,0.256,0.252,0.11599999999999999,0.207,78.9,7.5,41,268,442,51,-0.9,9345
68,Brock Stassi,90,78,13,6,2,7,0,0.16699999999999998,0.205,0.278,0.204,0.128,0.295,0.259,0.285,0.133,0.244,81.6,20.8,28,171,235,54,-0.3,12244
69,Bruce Maxwell,253,219,52,21,3,22,0,0.237,0.235,0.32899999999999996,0.316,0.096,0.33299999999999996,0.29600000000000004,0.31,0.12300000000000001,0.249,80.1,15.4,101,470,662,84,0.4,13866
70,Bryce Harper,492,420,134,95,29,87,4,0.319,0.28300000000000003,0.413,0.35600000000000004,0.276,0.595,0.41600000000000004,0.39,0.138,0.201,83.3,16.8,259,964,999,156,4.8,11579
71,Buster Posey,568,494,158,62,12,67,6,0.32,0.281,0.4,0.34700000000000003,0.142,0.462,0.366,0.358,0.107,0.11599999999999999,84.6,15.3,146,917,1148,128,4.3,9166
72,Byron Buxton,511,462,117,69,16,51,29,0.253,0.21600000000000003,0.314,0.33899999999999997,0.16,0.413,0.312,0.28,0.07400000000000001,0.294,79.9,18.2,300,961,1000,90,3.5,14161
73,C.J. Cron,373,339,84,39,16,56,3,0.248,0.256,0.305,0.29600000000000004,0.18899999999999997,0.43700000000000006,0.316,0.332,0.059000000000000004,0.257,82.7,20.4,199,736,662,99,0.5,12546
74,Caleb Joseph,266,254,65,31,8,28,0,0.256,0.24100000000000002,0.287,0.32799999999999996,0.157,0.413,0.299,0.282,0.038,0.271,81.1,15.3,134,508,520,82,0.4,7087
75,Cameron Maybin,450,395,90,63,10,35,33,0.228,0.218,0.318,0.27399999999999997,0.13699999999999998,0.365,0.3,0.29100000000000004,0.113,0.209,81.9,10.2,160,684,1147,88,1.2,5223
76,Cameron Perkins,97,88,16,9,1,8,0,0.182,0.21,0.237,0.22699999999999998,0.091,0.273,0.225,0.256,0.052000000000000005,0.237,81.4,9.8,39,159,187,32,-0.7,13444
77,Cameron Rupp,331,295,64,35,14,34,1,0.217,0.20199999999999999,0.299,0.298,0.2,0.41700000000000004,0.304,0.295,0.10300000000000001,0.344,82.8,16.0,232,624,745,84,0.8,11146
78,Carlos Asuaje,343,307,83,28,4,21,0,0.27,0.22399999999999998,0.33399999999999996,0.34600000000000003,0.091,0.36200000000000004,0.307,0.27399999999999997,0.08199999999999999,0.222,79.4,16.6,123,612,709,90,0.8,15197
79,Carlos Beltran,509,467,108,60,14,51,0,0.231,0.228,0.28300000000000003,0.263,0.152,0.38299999999999995,0.28300000000000003,0.285,0.065,0.2,82.8,18.4,183,922,1002,76,-1.1,589
80,Carlos Correa,481,422,133,82,24,84,2,0.315,0.302,0.391,0.35200000000000004,0.235,0.55,0.39399999999999996,0.39299999999999996,0.11,0.191,85.8,12.5,174,800,1093,152,5.2,14162
81,Carlos Gomez,426,368,94,51,17,51,13,0.255,0.237,0.34,0.336,0.207,0.462,0.34299999999999997,0.324,0.073,0.298,80.9,19.6,268,888,679,110,2.3,4881
82,Carlos Gonzalez,534,470,123,72,14,57,3,0.262,0.22899999999999998,0.33899999999999997,0.318,0.162,0.423,0.327,0.302,0.105,0.223,81.8,11.2,310,967,967,84,-0.2,7287
83,Carlos Ruiz,145,125,27,14,3,11,1,0.21600000000000003,0.23800000000000002,0.313,0.282,0.136,0.35200000000000004,0.295,0.318,0.09699999999999999,0.262,82.8,17.1,47,230,394,84,0.5,2579
84,Carlos Santana,667,571,148,90,23,79,5,0.259,0.263,0.363,0.27399999999999997,0.196,0.455,0.35,0.36200000000000004,0.132,0.141,84.3,16.6,204,1059,1583,117,3.0,2396
85,Cesar Hernandez,577,511,150,85,9,34,15,0.294,0.251,0.373,0.353,0.127,0.42100000000000004,0.34600000000000003,0.316,0.106,0.18,79.9,9.7,195,933,1361,111,3.3,10556
86,Chad Pinder,309,282,67,36,15,42,2,0.23800000000000002,0.24,0.292,0.292,0.22,0.457,0.316,0.332,0.057999999999999996,0.298,82.4,16.6,187,606,560,97,0.3,15191
87,Charlie Blackmon,725,644,213,137,37,104,14,0.331,0.278,0.39899999999999997,0.371,0.27,0.601,0.414,0.364,0.09,0.18600000000000003,82.1,16.3,252,1334,1537,141,6.5,7859
88,Chase Headley,586,512,140,77,12,61,9,0.273,0.25,0.35200000000000004,0.341,0.133,0.406,0.32899999999999996,0.32,0.102,0.225,80.8,13.9,269,1032,1289,104,1.9,4720
89,Chase Utley,353,309,73,43,8,34,6,0.23600000000000002,0.23600000000000002,0.324,0.264,0.168,0.405,0.316,0.319,0.091,0.161,83.3,14.8,73,516,825,96,1.3,1679
90,Cheslor Cuthbert,153,143,33,10,2,18,0,0.231,0.22,0.275,0.301,0.091,0.322,0.261,0.263,0.059000000000000004,0.255,80.0,21.2,88,298,274,56,-0.5,10473
91,Chris Carter,208,184,37,20,8,26,0,0.201,0.19,0.284,0.284,0.168,0.37,0.284,0.294,0.096,0.365,82.2,22.7,172,425,462,73,-0.7,9911
92,Chris Coghlan,88,75,15,7,1,5,0,0.2,0.201,0.299,0.264,0.067,0.267,0.26,0.268,0.102,0.25,76.9,11.8,34,172,188,56,-0.5,6878
93,Chris Davis,524,456,98,65,26,61,1,0.215,0.218,0.309,0.301,0.20800000000000002,0.423,0.312,0.32799999999999996,0.11599999999999999,0.37200000000000005,84.2,17.6,320,906,1207,92,0.2,9272
94,Chris Gimenez,225,186,41,28,7,16,1,0.22,0.212,0.35,0.28600000000000003,0.161,0.382,0.326,0.311,0.147,0.267,81.5,19.3,111,395,541,100,1.2,7324
95,Chris Herrmann,256,226,41,35,10,27,5,0.18100000000000002,0.207,0.273,0.207,0.16399999999999998,0.345,0.272,0.298,0.113,0.262,83.4,15.9,135,475,616,58,-0.6,9284
96,Chris Iannetta,316,272,69,38,17,43,0,0.254,0.222,0.354,0.308,0.257,0.511,0.36700000000000005,0.326,0.11699999999999999,0.275,81.5,18.1,163,607,756,120,2.2,8267
97,Chris Owings,386,362,97,41,12,51,12,0.268,0.226,0.299,0.318,0.174,0.442,0.313,0.26899999999999996,0.044000000000000004,0.225,81.0,14.8,176,759,599,85,0.4,10030
98,Chris Stewart,144,131,24,8,0,4,0,0.183,0.22,0.24100000000000002,0.22,0.038,0.221,0.207,0.253,0.063,0.153,77.6,11.7,36,228,332,22,-0.6,3878
99,Chris Taylor,568,514,148,85,21,72,17,0.28800000000000003,0.258,0.354,0.361,0.20800000000000002,0.496,0.361,0.331,0.08800000000000001,0.25,81.3,17.0,263,1032,1225,126,4.7,13757
100,Chris Young,276,243,57,30,7,25,3,0.235,0.222,0.322,0.275,0.152,0.387,0.31,0.295,0.109,0.19899999999999998,81.0,20.1,87,435,672,88,-0.2,3882
101,Christian Arroyo,135,125,24,9,3,14,1,0.192,0.22699999999999998,0.244,0.231,0.11199999999999999,0.304,0.237,0.273,0.059000000000000004,0.237,79.6,10.8,55,278,253,44,-0.5,16434
102,Christian Vazquez,345,324,94,43,5,32,7,0.29,0.256,0.33,0.348,0.114,0.40399999999999997,0.318,0.29100000000000004,0.049,0.18600000000000003,80.7,12.3,107,600,751,93,1.6,9774
103,Christian Yelich,695,602,170,100,18,81,16,0.282,0.271,0.369,0.336,0.156,0.439,0.348,0.35200000000000004,0.115,0.19699999999999998,84.4,9.9,271,1223,1652,115,4.5,11477
104,Cliff Pennington,217,194,49,23,3,21,3,0.253,0.21899999999999997,0.306,0.33299999999999996,0.077,0.33,0.27899999999999997,0.263,0.07400000000000001,0.267,80.4,18.2,98,394,486,73,0.4,3395
105,Clint Frazier,142,134,31,16,4,17,1,0.231,0.222,0.268,0.307,0.21600000000000003,0.44799999999999995,0.298,0.28800000000000003,0.049,0.303,80.5,17.9,78,274,290,82,-0.3,15983
106,Cody Bellinger,548,480,128,87,39,97,10,0.267,0.24,0.35200000000000004,0.299,0.315,0.581,0.38,0.35700000000000004,0.11699999999999999,0.266,84.2,21.2,318,978,1219,138,4.0,15998
107,Colby Rasmus,129,121,34,17,9,23,1,0.281,0.245,0.318,0.368,0.298,0.579,0.365,0.34299999999999997,0.054000000000000006,0.349,83.5,15.4,101,260,216,132,1.1,9893
108,Conor Gillaspie,87,80,13,8,2,8,0,0.163,0.209,0.218,0.159,0.125,0.28800000000000003,0.221,0.262,0.057,0.115,81.0,13.3,27,146,160,33,-0.4,9009
109,Corey Dickerson,629,588,166,84,27,62,4,0.282,0.249,0.325,0.33799999999999997,0.207,0.49,0.341,0.31,0.055999999999999994,0.242,81.0,22.2,418,1464,1023,115,2.6,10762
110,Corey Seager,613,539,159,85,22,77,4,0.295,0.29100000000000004,0.375,0.35200000000000004,0.184,0.479,0.364,0.38,0.109,0.214,84.0,13.9,306,1123,1112,127,5.7,13624
111,Cory Spangenberg,486,444,117,57,13,46,11,0.264,0.21899999999999997,0.322,0.342,0.13699999999999998,0.401,0.313,0.278,0.07,0.263,80.5,14.7,230,874,900,94,1.1,12294
112,Craig Gentry,117,101,26,17,2,11,5,0.257,0.247,0.33299999999999996,0.316,0.129,0.386,0.314,0.302,0.094,0.205,77.6,11.9,44,197,246,93,0.1,9571
113,Curtis Granderson,527,449,95,74,26,64,6,0.212,0.218,0.32299999999999995,0.228,0.24100000000000002,0.452,0.33,0.33299999999999996,0.135,0.233,83.2,20.7,176,911,1463,105,2.1,4747
114,DJ LeMahieu,682,609,189,95,8,64,6,0.31,0.297,0.374,0.35100000000000003,0.099,0.409,0.342,0.33899999999999997,0.087,0.132,83.7,9.4,141,1106,1555,94,1.8,9874
115,Daniel Descalso,398,344,80,47,10,51,4,0.233,0.215,0.332,0.28300000000000003,0.163,0.395,0.318,0.306,0.121,0.22399999999999998,81.3,16.9,150,639,935,88,0.1,8392
116,Daniel Murphy,593,534,172,94,23,93,2,0.322,0.298,0.384,0.341,0.221,0.5429999999999999,0.385,0.368,0.08800000000000001,0.13,85.2,20.2,140,1024,1145,136,4.3,4316
117,Daniel Nava,214,183,55,21,4,21,1,0.301,0.278,0.39299999999999996,0.35700000000000004,0.12,0.42100000000000004,0.35700000000000004,0.35700000000000004,0.121,0.17800000000000002,82.8,17.1,63,354,501,119,1.1,5450
118,Daniel Robertson,254,218,45,22,5,19,1,0.20600000000000002,0.17600000000000002,0.308,0.282,0.11900000000000001,0.326,0.284,0.267,0.114,0.287,80.1,13.0,106,434,611,76,0.1,14145
119,Daniel Robertson,88,80,18,9,1,7,0,0.225,0.23800000000000002,0.287,0.22399999999999998,0.113,0.33799999999999997,0.26899999999999996,0.27,0.08,0.034,81.1,-1.6,6,122,188,61,-0.3,6266
120,Danny Espinosa,295,266,46,30,6,31,4,0.17300000000000001,0.175,0.245,0.261,0.105,0.278,0.23199999999999998,0.248,0.071,0.369,80.2,18.3,239,572,511,41,-1.0,9219
121,Danny Santana,178,168,34,19,4,23,7,0.20199999999999999,0.20600000000000002,0.243,0.244,0.155,0.35700000000000004,0.254,0.26,0.045,0.23,80.1,12.1,96,345,273,51,-0.2,10322
122,Danny Valencia,500,450,115,54,15,66,2,0.256,0.237,0.314,0.312,0.156,0.41100000000000003,0.311,0.297,0.08,0.244,83.8,14.0,256,856,1142,95,-0.4,6364
123,Dansby Swanson,551,488,113,59,6,51,3,0.23199999999999998,0.228,0.312,0.292,0.092,0.324,0.276,0.29100000000000004,0.107,0.218,82.0,12.4,231,972,1214,66,0.1,18314
124,Darwin Barney,362,336,78,34,6,25,7,0.23199999999999998,0.22399999999999998,0.275,0.27,0.095,0.327,0.263,0.251,0.05,0.177,78.0,16.0,117,659,661,58,-0.6,2430
125,David Freese,503,426,112,44,10,52,0,0.263,0.252,0.368,0.336,0.10800000000000001,0.371,0.326,0.33899999999999997,0.115,0.231,82.8,10.2,209,900,1161,100,1.6,9549
126,David Peralta,577,525,154,82,14,57,8,0.293,0.253,0.35200000000000004,0.33299999999999996,0.15,0.444,0.342,0.309,0.075,0.163,82.6,11.7,227,1041,1096,104,1.8,2136
127,Dee Gordon,695,653,201,114,2,33,60,0.308,0.237,0.341,0.354,0.067,0.375,0.312,0.254,0.036000000000000004,0.134,75.7,6.9,186,1256,1087,92,3.3,8203
128,Delino DeShields,440,376,101,75,6,22,29,0.26899999999999996,0.191,0.34700000000000003,0.358,0.098,0.36700000000000005,0.315,0.255,0.1,0.248,76.7,12.5,165,707,1082,90,2.3,11379
129,Denard Span,542,497,135,73,12,43,12,0.272,0.268,0.32899999999999996,0.295,0.155,0.42700000000000005,0.325,0.317,0.07400000000000001,0.127,79.7,14.4,105,887,1132,102,1.2,8347
130,Derek Dietrich,464,406,101,56,13,53,0,0.249,0.247,0.33399999999999996,0.294,0.175,0.424,0.324,0.32299999999999995,0.078,0.21100000000000002,80.8,19.9,169,851,964,99,1.5,10542
131,Derek Fisher,166,146,31,21,5,17,3,0.212,0.214,0.307,0.299,0.14400000000000002,0.35600000000000004,0.29100000000000004,0.292,0.102,0.325,81.4,8.2,84,265,400,82,-0.1,16192
132,Derek Norris,198,179,36,21,9,24,1,0.201,0.223,0.258,0.214,0.179,0.38,0.271,0.29100000000000004,0.061,0.242,82.5,23.4,99,370,377,68,0.1,6867
133,Deven Marrero,188,171,36,32,4,27,5,0.21100000000000002,0.2,0.259,0.29600000000000004,0.12300000000000001,0.33299999999999996,0.257,0.244,0.064,0.324,78.9,10.4,107,370,423,51,0.2,13325
134,Devin Mesoraco,165,141,30,17,6,14,1,0.213,0.20600000000000002,0.321,0.245,0.177,0.39,0.312,0.302,0.109,0.23,78.7,17.9,84,325,341,88,0.4,5666
135,Devon Travis,197,185,48,22,5,24,4,0.259,0.285,0.29100000000000004,0.299,0.17800000000000002,0.43799999999999994,0.308,0.337,0.036000000000000004,0.193,82.3,18.3,66,352,391,89,0.6,13862
136,Dexter Fowler,491,420,111,68,18,64,7,0.264,0.266,0.363,0.305,0.22399999999999998,0.488,0.358,0.355,0.128,0.20600000000000002,81.9,16.5,190,848,1117,121,2.7,4062
137,Didi Gregorius,570,534,153,73,25,87,3,0.287,0.249,0.318,0.287,0.191,0.478,0.335,0.285,0.044000000000000004,0.12300000000000001,80.1,21.9,263,1205,857,107,3.9,6012
138,Dixon Machado,181,166,43,17,1,11,1,0.259,0.23,0.302,0.311,0.06,0.319,0.273,0.265,0.055,0.177,80.1,7.5,59,274,400,64,-0.5,11472
139,Domingo Santana,607,525,146,88,30,85,15,0.278,0.263,0.371,0.363,0.22699999999999998,0.505,0.37200000000000005,0.354,0.12,0.293,82.4,12.5,371,1153,1331,126,3.3,10348
140,Dominic Smith,183,167,33,17,9,26,0,0.198,0.243,0.262,0.218,0.198,0.395,0.281,0.324,0.077,0.268,84.3,13.7,105,362,379,73,-0.6,15653
141,Drew Butera,177,163,37,18,3,14,0,0.22699999999999998,0.212,0.284,0.28600000000000003,0.092,0.319,0.266,0.251,0.068,0.23199999999999998,79.3,20.0,70,329,390,60,0.2,3411
142,Drew Robinson,121,107,24,11,6,13,0,0.22399999999999998,0.205,0.314,0.305,0.215,0.439,0.32299999999999995,0.317,0.11599999999999999,0.34700000000000003,80.3,19.2,74,252,292,96,0.0,11761
143,Dustin Garneau,126,112,21,10,2,9,0,0.188,0.198,0.272,0.257,0.125,0.313,0.26,0.26,0.095,0.28600000000000003,78.4,23.3,83,270,242,48,0.2,9433
144,Dustin Pedroia,463,406,119,46,7,62,4,0.293,0.272,0.369,0.315,0.099,0.392,0.331,0.324,0.106,0.10400000000000001,81.3,15.3,85,764,1072,102,1.9,8370
145,Eddie Rosario,589,542,157,79,27,78,9,0.29,0.252,0.32799999999999996,0.312,0.218,0.507,0.349,0.318,0.059000000000000004,0.18,81.8,18.2,286,1184,961,116,2.5,12155
146,Eduardo Escobar,499,457,116,62,21,73,5,0.254,0.249,0.309,0.27899999999999997,0.195,0.449,0.32,0.326,0.066,0.196,80.4,20.8,236,1049,949,96,1.6,6153
147,Eduardo Nunez,491,467,146,60,12,58,24,0.313,0.24600000000000002,0.341,0.33299999999999996,0.14800000000000002,0.46,0.342,0.275,0.037000000000000005,0.11,80.5,13.8,150,911,802,112,2.2,6848
148,Edwin Encarnacion,669,554,143,96,38,107,2,0.258,0.267,0.377,0.271,0.245,0.504,0.373,0.391,0.155,0.19899999999999998,83.7,17.8,313,1233,1632,132,2.5,2151
149,Ehire Adrianza,186,162,43,30,2,24,8,0.265,0.23,0.324,0.29100000000000004,0.11699999999999999,0.38299999999999995,0.302,0.29,0.086,0.134,79.3,18.0,33,304,401,84,1.0,8418
150,Elias Diaz,200,188,42,18,1,19,1,0.223,0.23800000000000002,0.265,0.273,0.09,0.314,0.253,0.272,0.055,0.19,80.6,15.2,74,390,366,52,-0.3,11680
151,Elvis Andrus,689,643,191,100,20,88,25,0.297,0.254,0.337,0.325,0.174,0.47100000000000003,0.344,0.302,0.055,0.147,81.2,12.3,235,1200,1338,110,4.1,8709
152,Ender Inciarte,718,662,201,93,11,57,22,0.304,0.248,0.35,0.33899999999999997,0.106,0.409,0.32799999999999996,0.28300000000000003,0.068,0.131,78.2,14.3,193,1326,1189,100,3.0,4922
153,Enrique Hernandez,342,297,64,46,11,37,3,0.215,0.214,0.308,0.254,0.205,0.42100000000000004,0.31,0.303,0.12,0.23399999999999999,81.8,18.9,166,651,738,92,1.3,10472
154,Eric Hosmer,671,603,192,98,25,94,6,0.318,0.285,0.385,0.35100000000000003,0.179,0.498,0.376,0.353,0.098,0.155,83.9,9.3,262,1210,1362,135,4.1,3516
155,Eric Sogard,299,249,68,37,3,18,3,0.273,0.267,0.39299999999999996,0.311,0.10400000000000001,0.37799999999999995,0.34299999999999997,0.341,0.151,0.124,80.6,17.9,48,438,782,108,1.1,7927
156,Eric Thames,551,469,116,83,31,63,4,0.247,0.221,0.359,0.309,0.271,0.518,0.369,0.33799999999999997,0.136,0.29600000000000004,82.3,17.5,320,1013,1322,124,2.1,3711
157,Eric Young Jr.,125,110,29,24,4,16,12,0.264,0.198,0.336,0.33299999999999996,0.155,0.418,0.32899999999999996,0.251,0.04,0.248,78.4,7.2,66,220,204,108,0.8,7158
158,Erick Aybar,370,333,78,37,7,22,11,0.23399999999999999,0.218,0.3,0.262,0.114,0.348,0.282,0.265,0.076,0.154,79.5,12.0,107,647,705,74,-0.2,4082
159,Erik Gonzalez,115,110,28,18,4,11,1,0.255,0.242,0.272,0.34299999999999997,0.16399999999999998,0.418,0.29100000000000004,0.28600000000000003,0.026000000000000002,0.322,81.3,9.3,89,248,204,76,0.3,13369
160,Eugenio Suarez,632,534,139,87,26,82,4,0.26,0.254,0.36700000000000005,0.309,0.2,0.461,0.35600000000000004,0.35,0.133,0.233,79.8,15.5,278,1134,1544,117,4.1,12552
161,Evan Gattis,325,300,79,41,12,55,0,0.263,0.275,0.311,0.278,0.193,0.457,0.325,0.335,0.055,0.154,83.6,20.8,121,550,564,105,0.9,11003
162,Evan Longoria,677,613,160,71,20,86,6,0.261,0.244,0.313,0.282,0.163,0.424,0.312,0.309,0.068,0.161,82.1,17.5,259,1241,1245,96,2.5,9368
163,Ezequiel Carrera,325,287,81,38,8,20,10,0.282,0.22,0.35600000000000004,0.358,0.125,0.408,0.33399999999999996,0.284,0.092,0.231,78.2,5.9,119,509,800,107,0.7,9048
164,Franchy Cordero,99,92,21,15,3,9,1,0.228,0.19699999999999998,0.276,0.4,0.196,0.424,0.29600000000000004,0.271,0.061,0.444,81.9,14.0,89,209,194,83,0.4,14567
165,Francisco Cervelli,304,265,66,31,5,31,0,0.249,0.24100000000000002,0.342,0.311,0.121,0.37,0.315,0.317,0.105,0.214,81.6,9.1,119,499,706,93,0.9,5275
166,Francisco Lindor,723,651,178,99,33,89,15,0.273,0.26899999999999996,0.337,0.275,0.23199999999999998,0.505,0.353,0.35,0.083,0.129,83.3,17.4,198,1287,1430,118,5.9,12916
167,Freddie Freeman,514,440,135,84,28,71,8,0.307,0.28300000000000003,0.40299999999999997,0.335,0.28,0.586,0.40700000000000003,0.40299999999999997,0.126,0.185,84.3,19.6,254,1020,902,152,4.5,5361
168,Freddy Galvis,663,608,155,71,12,61,14,0.255,0.23600000000000002,0.309,0.292,0.127,0.382,0.298,0.28600000000000003,0.068,0.16699999999999998,81.0,18.6,228,1278,1345,80,1.6,6609
169,Gary Sanchez,525,471,131,79,33,90,2,0.278,0.285,0.345,0.304,0.253,0.531,0.368,0.379,0.076,0.22899999999999998,83.3,17.2,276,972,1049,130,4.4,11442
170,Gavin Cecchini,82,77,16,4,1,7,0,0.20800000000000002,0.192,0.256,0.263,0.065,0.273,0.23,0.228,0.049,0.23199999999999998,77.8,17.3,36,158,135,40,-0.4,17005
171,George Springer,629,548,155,112,34,85,5,0.28300000000000003,0.27699999999999997,0.36700000000000005,0.297,0.239,0.522,0.376,0.374,0.102,0.17600000000000002,81.7,14.2,266,1141,1398,140,4.5,12856
172,Gerardo Parra,425,392,121,56,10,71,2,0.309,0.267,0.341,0.34299999999999997,0.14300000000000002,0.452,0.337,0.311,0.047,0.158,80.9,11.7,154,785,733,90,0.8,8553
173,Giancarlo Stanton,692,597,168,123,59,132,2,0.281,0.266,0.376,0.28800000000000003,0.35,0.631,0.41,0.39799999999999996,0.12300000000000001,0.23600000000000002,85.6,16.8,373,1174,1553,156,6.9,4949
174,Giovanny Urshela,165,156,35,14,1,15,0,0.22399999999999998,0.249,0.262,0.256,0.064,0.28800000000000003,0.243,0.281,0.048,0.133,80.2,12.9,53,319,272,43,-0.5,10681
175,Gorkys Hernandez,348,310,79,40,0,22,12,0.255,0.222,0.327,0.331,0.071,0.326,0.28800000000000003,0.27699999999999997,0.08900000000000001,0.21,78.8,11.5,168,654,737,77,0.4,4146
176,Greg Bird,170,147,28,20,9,28,0,0.19,0.20600000000000002,0.28800000000000003,0.19399999999999998,0.231,0.42200000000000004,0.303,0.324,0.11199999999999999,0.247,84.6,24.6,95,311,412,86,-0.4,14131
177,Greg Garcia,290,241,61,27,2,20,2,0.253,0.242,0.365,0.335,0.079,0.332,0.317,0.311,0.128,0.221,76.6,11.1,96,474,721,94,0.7,10951
178,Gregor Blanco,256,224,55,43,3,13,15,0.24600000000000002,0.209,0.337,0.321,0.11199999999999999,0.35700000000000004,0.308,0.28300000000000003,0.121,0.23,80.0,17.9,96,439,662,82,0.5,3123
179,Gregory Polanco,411,379,95,39,11,35,8,0.251,0.248,0.305,0.272,0.14,0.391,0.297,0.299,0.066,0.146,81.1,16.2,148,769,767,81,0.5,12907
180,Guillermo Heredia,426,386,96,43,6,24,1,0.249,0.22399999999999998,0.315,0.284,0.08800000000000001,0.337,0.28800000000000003,0.273,0.063,0.15,79.3,14.4,103,692,864,80,0.0,18721
181,Hanley Ramirez,553,496,120,58,23,62,1,0.242,0.262,0.32,0.272,0.188,0.429,0.318,0.35100000000000003,0.092,0.21,82.6,18.5,256,1001,1077,93,-0.4,8001
182,Harrison Bader,92,85,20,10,3,10,2,0.235,0.226,0.28300000000000003,0.28800000000000003,0.141,0.376,0.27899999999999997,0.287,0.054000000000000006,0.261,79.6,13.1,51,176,189,70,0.1,18030
183,Hector Sanchez,143,137,30,14,8,25,0,0.21899999999999997,0.21,0.245,0.247,0.204,0.423,0.27699999999999997,0.267,0.035,0.287,82.3,21.7,86,293,267,70,-0.1,10289
184,Hernan Perez,458,432,112,47,14,51,13,0.259,0.24100000000000002,0.289,0.28600000000000003,0.155,0.414,0.298,0.278,0.044000000000000004,0.172,79.7,13.3,189,816,742,78,0.6,5751
185,Howie Kendrick,334,305,96,40,9,41,12,0.315,0.27,0.368,0.37799999999999995,0.161,0.475,0.361,0.33399999999999996,0.066,0.204,82.7,7.7,135,626,676,121,1.6,4229
186,Hunter Pence,539,493,128,55,13,67,2,0.26,0.233,0.315,0.301,0.126,0.385,0.303,0.302,0.07400000000000001,0.18899999999999997,84.3,11.4,258,958,1176,87,0.7,8252
187,Hunter Renfroe,479,445,103,51,26,58,3,0.231,0.22,0.284,0.275,0.23600000000000002,0.467,0.316,0.301,0.055999999999999994,0.292,82.9,19.6,295,892,958,96,0.3,15464
188,Hyun Soo Kim,239,212,49,20,1,14,0,0.231,0.262,0.307,0.287,0.061,0.292,0.268,0.321,0.092,0.192,82.0,14.4,77,414,567,61,-1.1,18718
189,Ian Desmond,373,339,93,47,7,40,15,0.27399999999999997,0.213,0.326,0.345,0.1,0.375,0.305,0.256,0.064,0.233,83.1,6.4,180,654,715,69,-0.8,6885
190,Ian Happ,413,364,92,62,24,68,8,0.253,0.23399999999999999,0.32799999999999996,0.316,0.261,0.514,0.349,0.32799999999999996,0.094,0.312,81.1,18.4,274,797,815,113,1.8,17919
191,Ian Kinsler,613,551,130,90,22,52,14,0.23600000000000002,0.248,0.313,0.244,0.17600000000000002,0.41200000000000003,0.313,0.326,0.09,0.14,82.4,22.2,166,1071,1336,91,2.4,6195
192,Ichiro Suzuki,215,196,50,19,3,20,1,0.255,0.212,0.318,0.297,0.077,0.332,0.287,0.252,0.079,0.163,75.4,9.7,70,392,467,75,-0.2,1101
193,J.D. Martinez,489,432,131,85,45,104,4,0.303,0.28800000000000003,0.376,0.327,0.387,0.69,0.43,0.423,0.10800000000000001,0.262,83.8,16.0,307,983,928,166,3.8,6184
194,J.J. Hardy,268,254,55,24,4,24,0,0.217,0.22899999999999998,0.255,0.252,0.106,0.32299999999999995,0.251,0.268,0.045,0.179,83.0,14.8,75,409,625,50,-0.6,3797
195,J.T. Realmuto,579,532,148,68,17,65,8,0.278,0.263,0.332,0.318,0.17300000000000001,0.451,0.332,0.326,0.062,0.183,83.0,15.2,201,1047,1114,105,3.6,11739
196,JT Riddle,247,228,57,20,3,31,0,0.25,0.226,0.282,0.3,0.105,0.355,0.27,0.268,0.049,0.20199999999999999,80.8,11.4,106,464,426,64,0.0,17642
197,JaCoby Jones,154,141,24,14,3,13,6,0.17,0.16399999999999998,0.24,0.28800000000000003,0.099,0.27,0.22899999999999998,0.23,0.057999999999999996,0.42200000000000004,78.5,15.3,113,285,301,34,-0.7,14818
198,Jabari Blash,195,164,35,24,5,16,1,0.213,0.21899999999999997,0.33299999999999996,0.319,0.128,0.341,0.303,0.33,0.14400000000000002,0.33799999999999997,82.4,18.3,147,362,444,88,-0.1,11247
199,Jace Peterson,215,186,40,15,2,17,3,0.215,0.228,0.318,0.27899999999999997,0.102,0.317,0.28,0.31,0.126,0.223,82.2,8.2,92,336,529,69,-0.4,12325
200,Jackie Bradley Jr.,541,482,118,58,17,63,8,0.245,0.233,0.32299999999999995,0.294,0.158,0.402,0.313,0.315,0.08900000000000001,0.22899999999999998,83.3,15.4,283,957,1067,90,2.3,12984
201,Jacoby Ellsbury,409,356,94,65,7,39,22,0.264,0.253,0.348,0.304,0.138,0.402,0.326,0.312,0.1,0.154,80.9,12.5,122,670,883,101,1.6,4727
202,Jake Lamb,635,536,133,89,30,105,6,0.248,0.244,0.35700000000000004,0.287,0.239,0.48700000000000004,0.353,0.35200000000000004,0.13699999999999998,0.239,82.4,16.5,243,1018,1532,111,2.5,13329
203,Jake Marisnick,259,230,56,50,16,35,9,0.243,0.193,0.319,0.32,0.252,0.496,0.34299999999999997,0.292,0.077,0.34700000000000003,80.5,21.5,196,531,522,117,1.4,11339
204,James McCann,391,352,89,39,13,49,1,0.253,0.264,0.318,0.3,0.162,0.415,0.316,0.33799999999999997,0.066,0.228,81.9,19.7,177,737,719,94,1.5,12859
205,Jarrett Parker,177,166,41,14,4,23,2,0.247,0.222,0.294,0.34299999999999997,0.16899999999999998,0.41600000000000004,0.299,0.29,0.055999999999999994,0.305,79.0,10.7,96,332,404,84,0.3,11624
206,Jarrod Dyson,390,346,87,56,5,30,28,0.251,0.22699999999999998,0.324,0.285,0.098,0.35,0.29600000000000004,0.27699999999999997,0.07200000000000001,0.141,76.7,13.2,85,609,775,85,2.1,4866
207,Jason Castro,407,356,86,49,10,47,0,0.242,0.23800000000000002,0.33299999999999996,0.318,0.146,0.38799999999999996,0.315,0.322,0.111,0.265,81.1,16.3,225,733,905,93,1.6,8722
208,Jason Heyward,481,432,112,59,11,59,4,0.259,0.257,0.326,0.284,0.13,0.389,0.311,0.315,0.085,0.139,81.7,16.1,132,803,922,88,0.9,4940
209,Jason Kipnis,373,336,78,43,12,35,6,0.23199999999999998,0.22699999999999998,0.29100000000000004,0.256,0.182,0.414,0.3,0.3,0.075,0.19,81.6,20.1,141,662,776,82,0.7,9776
210,Javier Baez,508,469,128,75,23,75,10,0.273,0.22399999999999998,0.317,0.345,0.207,0.48,0.326,0.29,0.059000000000000004,0.28300000000000003,82.9,15.2,378,1037,799,98,2.2,12979
211,Jay Bruce,617,555,141,82,36,101,1,0.254,0.258,0.324,0.27399999999999997,0.254,0.508,0.35,0.35100000000000003,0.092,0.225,82.4,19.2,334,1210,1220,118,2.7,9892
212,Jaycob Brugman,162,143,38,12,3,12,1,0.266,0.228,0.34600000000000003,0.34,0.077,0.34299999999999997,0.305,0.285,0.111,0.235,79.3,10.9,65,282,373,90,-0.4,14936
213,Jayson Werth,289,252,57,35,10,29,4,0.226,0.23399999999999999,0.322,0.27,0.16699999999999998,0.39299999999999996,0.311,0.32799999999999996,0.121,0.239,82.4,19.4,110,502,796,88,-0.3,1327
214,Jean Segura,566,524,157,80,11,45,22,0.3,0.261,0.349,0.33899999999999997,0.128,0.42700000000000005,0.33399999999999996,0.309,0.06,0.147,81.1,13.2,171,1076,1100,111,2.9,5933
215,Jed Lowrie,645,567,157,86,14,69,0,0.27699999999999997,0.287,0.36,0.314,0.171,0.44799999999999995,0.34700000000000003,0.365,0.113,0.155,82.0,21.5,233,1242,1337,119,3.5,4418
216,Jedd Gyorko,481,426,116,52,20,67,6,0.272,0.237,0.341,0.312,0.2,0.47200000000000003,0.344,0.32299999999999995,0.098,0.218,82.1,19.0,234,916,989,112,2.5,10816
217,Jeff Mathis,203,186,40,13,2,11,1,0.215,0.203,0.27699999999999997,0.309,0.10800000000000001,0.32299999999999995,0.262,0.254,0.069,0.3,79.6,18.0,129,386,355,51,-0.2,3448
218,Jefry Marte,145,127,22,10,4,14,1,0.17300000000000001,0.196,0.26899999999999996,0.2,0.134,0.307,0.258,0.273,0.09,0.23399999999999999,82.5,12.2,69,238,301,59,-0.6,5107
219,Jeimer Candelario,142,127,36,18,3,16,0,0.28300000000000003,0.243,0.359,0.35100000000000003,0.142,0.425,0.342,0.316,0.092,0.21100000000000002,83.8,17.0,68,238,289,111,0.4,13621
220,Jesse Winker,137,121,36,21,7,15,1,0.298,0.278,0.375,0.322,0.231,0.529,0.384,0.35,0.109,0.175,83.1,8.9,38,213,286,135,0.6,13590
221,Jesus Aguilar,311,279,74,40,16,52,0,0.265,0.245,0.331,0.337,0.24,0.505,0.35100000000000003,0.336,0.08,0.302,83.4,15.3,204,613,702,112,0.9,11342
222,Jesus Sucre,192,176,45,20,7,29,2,0.256,0.258,0.289,0.275,0.153,0.409,0.29600000000000004,0.306,0.036000000000000004,0.182,81.4,17.7,83,343,372,85,0.8,5942
223,Jett Bandy,188,169,35,14,6,18,1,0.207,0.214,0.287,0.259,0.142,0.349,0.28,0.27899999999999997,0.08,0.271,80.2,19.6,98,375,351,66,-0.2,12508
224,Jim Adduci,93,83,20,14,1,10,1,0.24100000000000002,0.245,0.32299999999999995,0.345,0.157,0.39799999999999996,0.312,0.311,0.10800000000000001,0.29,82.3,13.5,49,195,192,91,0.2,6448
225,Joc Pederson,323,273,58,44,11,35,4,0.212,0.233,0.331,0.24100000000000002,0.19399999999999998,0.40700000000000003,0.322,0.33899999999999997,0.121,0.21100000000000002,83.4,18.3,141,586,758,100,0.6,11899
226,Joe Mauer,597,525,160,69,7,71,2,0.305,0.306,0.384,0.349,0.11199999999999999,0.41700000000000004,0.349,0.373,0.111,0.139,85.0,11.3,122,948,1646,116,2.3,1857
227,Joe Panik,573,511,147,60,10,53,4,0.28800000000000003,0.257,0.34700000000000003,0.301,0.133,0.42100000000000004,0.32899999999999996,0.312,0.08,0.094,81.0,15.3,105,944,1231,104,2.0,11936
228,Joey Gallo,532,449,94,85,41,80,7,0.209,0.218,0.33299999999999996,0.25,0.327,0.537,0.364,0.374,0.141,0.368,85.0,24.4,458,1056,1177,123,2.9,14128
229,Joey Rickard,277,261,63,29,4,19,8,0.24100000000000002,0.222,0.276,0.303,0.10300000000000001,0.345,0.26899999999999996,0.253,0.032,0.22699999999999998,78.8,20.1,120,499,575,63,0.3,13277
230,Joey Votto,707,559,179,106,36,100,5,0.32,0.298,0.45399999999999996,0.321,0.258,0.578,0.428,0.424,0.19,0.11699999999999999,81.8,17.7,176,1144,1577,165,6.6,4314
231,Johan Camargo,256,241,72,30,4,27,0,0.299,0.261,0.331,0.364,0.154,0.452,0.33,0.297,0.047,0.19899999999999998,82.7,14.1,112,480,472,102,1.2,14950
232,John Hicks,190,173,46,25,6,22,2,0.266,0.257,0.326,0.342,0.17300000000000001,0.439,0.32799999999999996,0.326,0.068,0.268,79.1,14.6,144,420,300,102,0.3,12547
233,John Jaso,302,256,54,28,10,35,1,0.21100000000000002,0.23,0.32799999999999996,0.243,0.191,0.402,0.317,0.336,0.132,0.21899999999999997,80.7,21.1,149,590,702,94,0.3,5887
234,Jon Jay,433,379,112,65,2,34,6,0.29600000000000004,0.276,0.374,0.368,0.079,0.375,0.33,0.324,0.085,0.185,79.2,12.6,181,878,809,101,1.6,5227
235,Jonathan Lucroy,481,423,112,45,6,40,1,0.265,0.265,0.345,0.28600000000000003,0.106,0.371,0.311,0.32299999999999995,0.096,0.106,81.4,15.1,83,778,1080,82,1.2,7870
236,Jonathan Schoop,675,622,182,92,32,105,1,0.293,0.264,0.33799999999999997,0.33,0.21100000000000002,0.503,0.355,0.325,0.052000000000000005,0.21,82.0,17.4,374,1333,1200,121,4.1,11265
237,Jonathan Villar,436,403,97,49,11,40,23,0.24100000000000002,0.209,0.293,0.33,0.132,0.37200000000000005,0.287,0.259,0.069,0.303,82.2,9.6,256,837,906,71,-0.5,10071
238,Jordan Luplow,87,78,16,6,3,11,0,0.205,0.205,0.276,0.24100000000000002,0.179,0.385,0.284,0.275,0.069,0.253,80.9,18.8,41,151,160,72,-0.4,16424
239,Jordy Mercer,558,502,128,52,14,58,0,0.255,0.249,0.326,0.284,0.151,0.406,0.308,0.307,0.091,0.158,81.6,15.1,143,915,1267,88,1.4,6547
240,Jorge Alfaro,114,107,34,12,5,14,0,0.318,0.249,0.36,0.42,0.196,0.514,0.369,0.322,0.026000000000000002,0.289,82.2,12.5,90,242,145,127,0.6,12180
241,Jorge Bonifacio,422,384,98,55,17,40,1,0.255,0.24600000000000002,0.32,0.324,0.177,0.43200000000000005,0.32299999999999995,0.324,0.083,0.28,81.0,19.6,273,886,794,99,0.9,12174
242,Jorge Polanco,544,488,125,60,13,74,13,0.256,0.23,0.313,0.278,0.154,0.41,0.309,0.282,0.075,0.14300000000000002,80.2,18.4,131,890,1156,89,1.6,13152
243,Jorge Soler,110,97,14,7,2,6,0,0.14400000000000002,0.177,0.245,0.203,0.113,0.258,0.226,0.264,0.109,0.327,82.4,17.8,62,177,261,32,-1.0,14221
244,Jose Abreu,675,621,189,95,33,102,3,0.304,0.287,0.354,0.33,0.248,0.552,0.377,0.364,0.052000000000000005,0.17600000000000002,85.8,16.0,278,1234,1311,138,4.1,15676
245,Jose Altuve,662,590,204,112,24,81,32,0.34600000000000003,0.27399999999999997,0.41,0.37,0.20199999999999999,0.547,0.405,0.349,0.08800000000000001,0.127,81.0,13.4,185,1099,1195,160,7.5,5417
246,Jose Bautista,686,587,119,92,23,65,6,0.203,0.207,0.308,0.239,0.16399999999999998,0.366,0.295,0.304,0.122,0.248,82.4,22.0,347,1220,1748,80,-0.5,1887
247,Jose Iglesias,489,463,118,56,6,54,7,0.255,0.24600000000000002,0.28800000000000003,0.285,0.114,0.369,0.28300000000000003,0.266,0.043,0.133,79.1,13.6,130,843,965,71,1.6,10231
248,Jose Lobaton,158,141,24,11,4,11,0,0.17,0.225,0.248,0.19399999999999998,0.106,0.27699999999999997,0.23199999999999998,0.301,0.08900000000000001,0.222,79.8,13.3,76,303,322,36,-0.6,4243
249,Jose Martinez,307,272,84,47,14,46,4,0.309,0.322,0.379,0.35,0.21,0.518,0.379,0.41100000000000003,0.10400000000000001,0.195,84.5,13.0,107,515,726,135,1.6,7996
250,Jose Osuna,227,215,50,31,7,30,0,0.233,0.251,0.26899999999999996,0.254,0.195,0.428,0.293,0.29600000000000004,0.04,0.17600000000000002,81.6,13.3,91,425,414,78,-0.5,12937
251,Jose Peraza,518,487,126,50,5,37,23,0.259,0.261,0.297,0.293,0.066,0.324,0.273,0.284,0.039,0.135,77.2,15.5,146,947,890,62,-0.2,13593
252,Jose Pirela,344,312,90,43,10,40,4,0.28800000000000003,0.248,0.34700000000000003,0.34299999999999997,0.20199999999999999,0.49,0.355,0.312,0.078,0.20600000000000002,82.6,12.7,160,610,691,122,2.1,5485
253,Jose Ramirez,645,585,186,107,29,83,17,0.318,0.292,0.374,0.319,0.265,0.583,0.396,0.355,0.081,0.107,83.2,18.5,152,1116,1457,148,6.6,13510
254,Jose Reyes,561,501,123,75,15,58,24,0.24600000000000002,0.233,0.315,0.263,0.168,0.413,0.312,0.28800000000000003,0.08900000000000001,0.141,79.3,19.5,166,933,1135,94,2.0,1736
255,Josh Bell,620,549,140,75,26,90,2,0.255,0.255,0.33399999999999996,0.278,0.21100000000000002,0.466,0.33799999999999997,0.332,0.106,0.18899999999999997,82.3,14.2,261,1112,1437,108,0.8,13145
256,Josh Donaldson,496,415,112,65,33,78,2,0.27,0.254,0.385,0.289,0.289,0.5589999999999999,0.396,0.384,0.153,0.22399999999999998,83.3,16.6,243,885,1211,149,5.0,5038
257,Josh Harrison,542,486,132,66,16,47,12,0.272,0.248,0.33899999999999997,0.303,0.16,0.43200000000000005,0.332,0.31,0.052000000000000005,0.166,80.3,20.6,234,1068,929,104,2.6,8202
258,Josh Phegley,161,149,30,14,3,10,0,0.201,0.239,0.255,0.223,0.134,0.336,0.256,0.298,0.055999999999999994,0.161,82.4,20.1,64,282,275,56,0.0,9308
259,Josh Reddick,540,477,150,77,13,82,7,0.314,0.28,0.363,0.33899999999999997,0.17,0.484,0.35700000000000004,0.33,0.08,0.133,83.1,21.6,140,896,1137,127,3.5,3892
260,Josh Rutledge,118,107,24,10,0,9,1,0.22399999999999998,0.21100000000000002,0.297,0.316,0.037000000000000005,0.262,0.255,0.258,0.076,0.263,82.2,10.8,48,198,259,50,-0.4,11167
261,Juan Graterol,87,84,17,5,0,10,0,0.20199999999999999,0.24600000000000002,0.207,0.233,0.048,0.25,0.196,0.243,0.011000000000000001,0.149,78.4,7.9,37,162,115,16,-0.4,5398
262,Juan Lagares,272,252,63,37,3,15,7,0.25,0.223,0.29600000000000004,0.309,0.115,0.365,0.287,0.264,0.051,0.20600000000000002,79.5,12.6,106,477,541,77,1.5,5384
263,Justin Bour,429,377,109,52,25,83,1,0.289,0.27699999999999997,0.366,0.322,0.247,0.536,0.374,0.374,0.11,0.221,83.1,17.5,219,779,963,133,2.2,9744
264,Justin Smoak,637,560,151,85,38,90,0,0.27,0.278,0.355,0.285,0.259,0.529,0.371,0.38799999999999996,0.115,0.201,83.8,17.7,262,1114,1475,132,3.4,9054
265,Justin Turner,543,457,147,72,21,71,7,0.322,0.29600000000000004,0.415,0.326,0.20800000000000002,0.53,0.4,0.397,0.109,0.10300000000000001,83.7,21.5,140,889,1122,151,5.5,5235
266,Justin Upton,635,557,152,100,35,109,14,0.273,0.244,0.361,0.341,0.268,0.54,0.37799999999999995,0.353,0.11699999999999999,0.28300000000000003,82.3,20.9,365,1196,1496,137,5.0,5222
267,Kaleb Cowart,117,102,23,18,3,11,4,0.225,0.233,0.313,0.282,0.157,0.382,0.301,0.306,0.085,0.239,77.1,9.8,63,209,228,89,0.5,11494
268,Kelby Tomlinson,222,194,50,32,1,11,9,0.258,0.221,0.332,0.327,0.057,0.314,0.28600000000000003,0.266,0.10400000000000001,0.207,76.8,11.4,65,373,465,76,0.3,13005
269,Kendrys Morales,608,557,139,67,28,85,0,0.25,0.275,0.308,0.278,0.196,0.445,0.32,0.358,0.071,0.217,85.4,15.4,335,1156,1171,97,-0.6,8610
270,Kennys Vargas,264,241,61,33,11,41,0,0.253,0.231,0.314,0.325,0.191,0.444,0.32299999999999995,0.303,0.076,0.292,79.9,13.4,154,509,610,98,0.4,12101
271,Keon Broxton,463,414,91,66,20,49,21,0.22,0.205,0.299,0.32299999999999995,0.2,0.42,0.308,0.294,0.086,0.37799999999999995,79.8,14.2,361,878,1026,84,0.7,9253
272,Ketel Marte,255,223,58,30,5,18,3,0.26,0.27899999999999997,0.345,0.29,0.135,0.395,0.319,0.342,0.114,0.145,81.2,12.8,74,443,500,89,0.9,13613
273,Kevan Smith,294,276,78,23,4,30,0,0.28300000000000003,0.263,0.309,0.32299999999999995,0.105,0.38799999999999996,0.3,0.289,0.031,0.156,79.6,11.4,120,567,465,85,0.2,12284
274,Kevin Kiermaier,421,380,105,56,15,39,16,0.276,0.215,0.33799999999999997,0.337,0.174,0.45,0.337,0.27899999999999997,0.07400000000000001,0.235,79.8,14.5,212,792,853,112,3.0,11038
275,Kevin Pillar,632,587,150,72,16,42,15,0.256,0.258,0.3,0.28,0.14800000000000002,0.40399999999999997,0.302,0.302,0.052000000000000005,0.15,80.1,15.9,190,1153,1056,85,1.9,12434
276,Kevin Plawecki,118,100,26,11,3,13,1,0.26,0.26899999999999996,0.364,0.284,0.14,0.4,0.331,0.35,0.11900000000000001,0.14400000000000002,80.9,16.1,49,225,251,106,0.6,13807
277,Khris Davis,652,566,140,91,43,110,4,0.247,0.257,0.336,0.29,0.281,0.528,0.361,0.38299999999999995,0.11199999999999999,0.299,85.0,20.4,412,1222,1361,128,2.3,9112
278,Kole Calhoun,654,569,139,77,19,71,5,0.244,0.247,0.33299999999999996,0.284,0.14800000000000002,0.392,0.315,0.32799999999999996,0.109,0.205,81.8,15.1,311,1204,1302,98,2.2,11200
279,Kolten Wong,411,354,101,55,4,42,8,0.285,0.254,0.376,0.331,0.127,0.41200000000000003,0.336,0.321,0.1,0.146,79.5,12.4,132,687,795,107,2.1,12532
280,Kris Bryant,665,549,162,111,29,73,7,0.295,0.247,0.409,0.33399999999999996,0.242,0.537,0.39899999999999997,0.36700000000000005,0.14300000000000002,0.192,81.3,18.3,290,1205,1432,146,6.7,15429
281,Kurt Suzuki,309,276,78,38,19,50,0,0.28300000000000003,0.258,0.35100000000000003,0.268,0.254,0.536,0.37200000000000005,0.337,0.055,0.126,81.1,18.2,101,583,508,129,2.7,8259
282,Kyle Schwarber,486,422,89,67,30,59,1,0.21100000000000002,0.21899999999999997,0.315,0.244,0.256,0.467,0.33299999999999996,0.341,0.121,0.309,83.8,23.9,279,937,1164,102,1.5,16478
283,Kyle Seager,650,578,144,72,27,88,2,0.249,0.255,0.32299999999999995,0.262,0.201,0.45,0.326,0.344,0.08900000000000001,0.16899999999999998,83.3,20.7,230,1097,1457,106,3.5,9785
284,Lane Adams,122,109,30,19,5,20,10,0.275,0.237,0.33899999999999997,0.368,0.193,0.46799999999999997,0.344,0.321,0.08199999999999999,0.303,80.1,13.0,90,231,241,110,0.7,10767
285,Leonys Martin,138,128,22,14,3,9,7,0.172,0.2,0.23199999999999998,0.207,0.109,0.281,0.22399999999999998,0.258,0.057999999999999996,0.239,78.3,14.1,71,262,252,35,-0.4,11846
286,Leury Garcia,326,300,81,41,9,33,8,0.27,0.24100000000000002,0.316,0.321,0.153,0.423,0.317,0.287,0.04,0.212,79.6,10.7,140,604,484,97,1.1,5913
287,Logan Forsythe,439,361,81,56,6,36,3,0.22399999999999998,0.228,0.35100000000000003,0.299,0.102,0.327,0.307,0.32899999999999996,0.157,0.248,84.0,15.9,144,623,1294,90,1.7,7185
288,Logan Morrison,601,512,126,75,38,85,2,0.24600000000000002,0.248,0.353,0.268,0.27,0.516,0.363,0.36700000000000005,0.135,0.248,81.6,18.7,312,1084,1267,130,3.3,9205
289,Lonnie Chisenhall,270,236,68,34,12,53,2,0.28800000000000003,0.242,0.36,0.326,0.233,0.521,0.369,0.33,0.09300000000000001,0.204,80.9,20.4,125,539,524,129,1.4,7571
290,Lorenzo Cain,645,584,175,86,15,49,26,0.3,0.27899999999999997,0.363,0.34,0.14,0.44,0.34700000000000003,0.33299999999999996,0.084,0.155,81.6,13.3,245,1240,1268,115,4.1,9077
291,Lucas Duda,491,423,92,50,30,64,0,0.217,0.23800000000000002,0.322,0.23800000000000002,0.27899999999999997,0.496,0.341,0.353,0.122,0.275,84.0,21.7,217,813,1204,113,1.1,2502
292,Luis Torrens,139,123,20,7,0,7,0,0.163,0.217,0.243,0.215,0.040999999999999995,0.203,0.19699999999999998,0.267,0.086,0.21600000000000003,79.5,9.5,68,261,271,18,-0.8,15905
293,Luis Valbuena,401,347,69,42,22,65,0,0.19899999999999998,0.203,0.294,0.21,0.233,0.43200000000000005,0.308,0.312,0.12,0.264,82.6,22.5,215,750,948,94,0.8,4969
294,Luke Maile,136,130,19,10,2,7,1,0.146,0.165,0.17600000000000002,0.18100000000000002,0.085,0.231,0.17800000000000002,0.20199999999999999,0.022000000000000002,0.257,77.5,14.7,55,243,260,0,-0.6,13355
295,Luke Voit,124,114,28,18,4,18,0,0.24600000000000002,0.25,0.306,0.304,0.184,0.43,0.316,0.33399999999999996,0.055999999999999994,0.25,82.9,17.0,69,242,221,94,0.3,14811
296,Maikel Franco,623,575,132,66,24,76,0,0.23,0.243,0.281,0.23399999999999999,0.179,0.409,0.292,0.302,0.066,0.152,83.5,14.8,262,1174,1157,76,-0.5,12179
297,Mallex Smith,282,256,69,33,2,12,16,0.27,0.19899999999999998,0.32899999999999996,0.34700000000000003,0.086,0.355,0.301,0.239,0.08199999999999999,0.22,74.0,9.3,152,501,543,88,0.8,13608
298,Manny Machado,690,630,163,81,33,95,9,0.259,0.27399999999999997,0.31,0.265,0.213,0.47100000000000003,0.32799999999999996,0.35700000000000004,0.07200000000000001,0.16699999999999998,84.9,18.4,273,1245,1298,102,2.8,11493
299,Manny Pina,359,330,92,45,9,43,2,0.27899999999999997,0.24600000000000002,0.327,0.33899999999999997,0.145,0.424,0.32299999999999995,0.299,0.055999999999999994,0.22,82.2,21.1,169,719,701,94,2.0,2829
300,Manuel Margot,529,487,128,53,13,39,17,0.263,0.24100000000000002,0.313,0.309,0.146,0.409,0.309,0.287,0.066,0.2,79.5,15.7,198,923,1097,92,1.9,14712
301,Marcell Ozuna,679,613,191,93,37,124,1,0.312,0.273,0.376,0.355,0.237,0.5479999999999999,0.38799999999999996,0.36,0.094,0.212,82.9,13.1,341,1269,1290,142,4.8,10324
302,Marcus Semien,386,342,85,53,10,40,12,0.249,0.23,0.325,0.3,0.149,0.39799999999999996,0.314,0.305,0.098,0.22,81.4,20.5,181,712,875,96,1.7,12533
303,Mark Canha,187,173,36,16,5,14,2,0.20800000000000002,0.20800000000000002,0.262,0.27399999999999997,0.17300000000000001,0.382,0.276,0.272,0.037000000000000005,0.299,81.5,21.3,106,410,405,70,-0.7,11445
304,Mark Reynolds,593,520,139,82,30,97,2,0.267,0.226,0.35200000000000004,0.34299999999999997,0.21899999999999997,0.48700000000000004,0.35700000000000004,0.321,0.11599999999999999,0.295,81.1,18.1,377,1100,1368,104,0.8,7619
305,Mark Trumbo,603,559,131,79,23,65,1,0.23399999999999999,0.22699999999999998,0.289,0.278,0.163,0.397,0.295,0.29100000000000004,0.07,0.247,83.5,18.3,342,1145,1163,80,-1.2,6876
306,Martin Maldonado,471,429,95,43,14,38,0,0.221,0.215,0.276,0.273,0.147,0.368,0.27899999999999997,0.275,0.032,0.253,78.9,15.5,235,871,878,73,1.1,6887
307,Martin Prado,147,140,35,13,2,12,0,0.25,0.245,0.27899999999999997,0.282,0.107,0.35700000000000004,0.27399999999999997,0.273,0.040999999999999995,0.15,82.1,12.3,33,233,391,67,-0.1,3312
308,Marwin Gonzalez,515,455,138,67,23,90,8,0.303,0.244,0.377,0.34299999999999997,0.226,0.53,0.382,0.32,0.095,0.192,82.6,13.2,182,891,1211,144,4.1,5497
309,Matt Adams,367,339,93,46,20,65,0,0.27399999999999997,0.265,0.319,0.311,0.248,0.522,0.34600000000000003,0.34,0.063,0.24,83.2,21.5,224,774,660,112,1.6,9393
310,Matt Carpenter,622,497,120,91,23,69,2,0.24100000000000002,0.249,0.384,0.27399999999999997,0.209,0.451,0.361,0.376,0.175,0.201,83.5,24.1,186,943,1800,123,2.9,8090
311,Matt Chapman,326,290,68,39,14,40,0,0.23399999999999999,0.21600000000000003,0.313,0.29,0.23800000000000002,0.47200000000000003,0.332,0.314,0.098,0.282,83.5,25.0,174,574,766,108,2.7,16505
312,Matt Davidson,443,414,91,43,26,68,0,0.22,0.212,0.26,0.285,0.23199999999999998,0.452,0.297,0.298,0.043,0.37200000000000005,82.7,22.6,326,898,952,83,-0.9,7226
313,Matt Holliday,427,373,86,50,19,64,1,0.231,0.233,0.316,0.273,0.201,0.43200000000000005,0.32,0.33299999999999996,0.10800000000000001,0.267,82.5,16.3,222,769,961,98,-0.1,1873
314,Matt Joyce,544,469,114,78,25,68,4,0.243,0.247,0.335,0.263,0.23,0.473,0.34299999999999997,0.35,0.121,0.20800000000000002,82.7,17.6,239,957,1302,116,2.4,3353
315,Matt Kemp,467,438,121,47,19,64,0,0.276,0.285,0.318,0.318,0.187,0.46299999999999997,0.32799999999999996,0.35,0.057999999999999996,0.212,83.1,12.3,274,919,757,100,-0.5,5631
316,Matt Olson,216,189,49,33,24,45,0,0.259,0.251,0.35200000000000004,0.23800000000000002,0.392,0.6509999999999999,0.41100000000000003,0.38,0.102,0.278,85.4,21.5,131,410,498,162,2.0,14344
317,Matt Reynolds,130,113,26,12,1,5,0,0.23,0.18600000000000003,0.326,0.33299999999999996,0.071,0.301,0.282,0.255,0.10800000000000001,0.285,81.7,13.9,61,215,318,74,-0.2,13788
318,Matt Szczur,237,195,44,28,3,18,0,0.226,0.18899999999999997,0.35,0.275,0.128,0.354,0.316,0.284,0.14300000000000002,0.18600000000000003,77.7,21.8,84,404,517,96,0.4,11255
319,Matt Wieters,465,422,95,43,10,52,1,0.225,0.233,0.28800000000000003,0.264,0.11800000000000001,0.344,0.273,0.293,0.08199999999999999,0.20199999999999999,80.0,17.2,181,870,901,62,-0.2,4298
320,Max Kepler,568,511,124,67,19,69,6,0.243,0.23600000000000002,0.312,0.276,0.182,0.425,0.315,0.298,0.083,0.201,82.2,16.1,205,915,1200,92,1.2,12144
321,Max Moroff,140,120,24,19,3,21,0,0.2,0.198,0.302,0.28,0.125,0.325,0.28,0.282,0.114,0.307,79.8,20.1,85,261,349,70,0.5,14556
322,Melky Cabrera,666,620,177,78,17,85,1,0.285,0.298,0.324,0.299,0.13699999999999998,0.423,0.319,0.336,0.054000000000000006,0.111,83.4,14.8,150,1116,1300,98,0.0,4022
323,Michael Brantley,375,338,101,47,9,52,11,0.299,0.28800000000000003,0.35700000000000004,0.325,0.145,0.444,0.342,0.344,0.083,0.133,83.8,13.4,79,613,775,111,1.6,4106
324,Michael Conforto,440,373,104,72,27,68,2,0.27899999999999997,0.254,0.384,0.32799999999999996,0.276,0.555,0.392,0.376,0.13,0.257,83.8,17.5,228,783,1037,146,4.4,16376
325,Michael Saunders,234,218,44,26,6,21,0,0.20199999999999999,0.218,0.256,0.242,0.142,0.344,0.256,0.27399999999999997,0.064,0.235,80.4,16.9,112,470,512,53,-0.7,9981
326,Michael Taylor,432,399,108,55,19,53,17,0.271,0.222,0.32,0.363,0.21600000000000003,0.486,0.33799999999999997,0.294,0.067,0.317,81.4,15.7,268,801,821,105,3.1,11489
327,Miguel Cabrera,529,469,117,50,16,60,0,0.249,0.29,0.32899999999999996,0.292,0.149,0.39899999999999997,0.313,0.382,0.102,0.20800000000000002,84.5,17.5,237,1028,1014,91,-0.2,1744
328,Miguel Montero,213,185,40,24,6,16,1,0.21600000000000003,0.187,0.31,0.254,0.13,0.34600000000000003,0.289,0.28,0.10800000000000001,0.221,81.7,22.0,90,401,454,74,-0.4,3364
329,Miguel Rojas,306,272,79,37,1,26,2,0.29,0.27399999999999997,0.361,0.324,0.085,0.375,0.318,0.313,0.08800000000000001,0.105,77.6,12.6,74,543,567,96,1.4,7802
330,Miguel Sano,483,424,112,75,28,77,0,0.264,0.235,0.35200000000000004,0.375,0.243,0.507,0.361,0.348,0.11199999999999999,0.358,85.4,17.4,379,959,1011,124,2.3,12164
331,Mike Aviles,97,86,20,5,1,8,0,0.233,0.22,0.298,0.271,0.057999999999999996,0.29100000000000004,0.256,0.251,0.062,0.155,76.2,18.5,23,164,183,55,-0.3,5986
332,Mike Moustakas,598,555,151,75,38,85,0,0.272,0.266,0.314,0.263,0.249,0.521,0.345,0.33899999999999997,0.057,0.157,81.8,24.0,261,1246,988,114,2.2,4892
333,Mike Napoli,485,425,82,60,29,66,1,0.193,0.19899999999999998,0.285,0.225,0.235,0.428,0.302,0.311,0.10099999999999999,0.336,83.3,26.4,318,921,1204,81,-0.5,3057
334,Mike Trout,507,402,123,92,33,72,22,0.306,0.28,0.442,0.318,0.32299999999999995,0.629,0.43700000000000006,0.423,0.185,0.17800000000000002,82.2,20.8,146,801,1319,181,6.9,10155
335,Mike Zunino,435,387,97,52,25,64,1,0.251,0.21600000000000003,0.331,0.355,0.258,0.509,0.355,0.32299999999999995,0.09,0.368,82.5,23.0,341,891,901,126,3.6,13265
336,Mikie Mahtook,379,348,96,50,12,38,6,0.276,0.252,0.33,0.324,0.18100000000000002,0.457,0.335,0.316,0.061,0.20800000000000002,82.3,15.5,140,674,881,107,1.6,13130
337,Mitch Haniger,410,369,104,58,16,47,5,0.282,0.24600000000000002,0.35200000000000004,0.33799999999999997,0.209,0.491,0.36,0.325,0.076,0.22699999999999998,82.3,15.7,153,671,917,129,2.5,14274
338,Mitch Moreland,576,508,125,73,22,79,0,0.24600000000000002,0.27,0.326,0.278,0.19699999999999998,0.44299999999999995,0.326,0.371,0.099,0.20800000000000002,84.2,17.6,271,1051,1206,98,0.9,3086
339,Mookie Betts,712,628,166,101,24,102,26,0.264,0.265,0.344,0.268,0.19399999999999998,0.45899999999999996,0.33899999999999997,0.34,0.10800000000000001,0.111,83.6,17.0,158,1007,1794,108,5.3,13611
340,Neil Walker,448,385,102,59,14,49,0,0.265,0.256,0.36200000000000004,0.297,0.174,0.439,0.34600000000000003,0.341,0.12300000000000001,0.172,81.6,18.2,147,714,989,114,2.1,7539
341,Nelson Cruz,645,556,160,91,39,119,1,0.28800000000000003,0.282,0.375,0.315,0.261,0.5489999999999999,0.385,0.402,0.109,0.217,85.0,15.3,356,1167,1295,146,3.8,2434
342,Nicholas Castellanos,665,614,167,73,26,101,4,0.272,0.28300000000000003,0.32,0.313,0.218,0.49,0.341,0.366,0.062,0.214,83.0,16.4,358,1333,1266,111,1.7,11737
343,Nick Ahmed,178,167,42,24,6,21,3,0.251,0.22399999999999998,0.298,0.295,0.168,0.419,0.3,0.267,0.055999999999999994,0.21899999999999997,80.0,14.7,93,326,297,76,0.2,12147
344,Nick Franklin,119,106,19,9,2,12,2,0.179,0.248,0.26899999999999996,0.207,0.10400000000000001,0.28300000000000003,0.25,0.312,0.084,0.185,79.1,11.7,46,197,273,48,-0.2,10166
345,Nick Hundley,303,287,70,27,9,35,0,0.244,0.237,0.272,0.307,0.174,0.418,0.289,0.289,0.04,0.267,81.3,16.5,163,598,535,78,0.4,3376
346,Nick Markakis,670,593,163,76,8,76,0,0.275,0.26899999999999996,0.354,0.324,0.11,0.384,0.321,0.32799999999999996,0.10099999999999999,0.16399999999999998,83.5,15.4,172,1105,1606,95,0.9,5930
347,Nick Williams,343,313,90,45,12,55,1,0.28800000000000003,0.251,0.33799999999999997,0.375,0.185,0.473,0.344,0.314,0.057999999999999996,0.28300000000000003,80.9,12.9,248,719,492,110,0.8,14330
348,Nicky Delmonico,166,141,37,25,9,23,2,0.262,0.228,0.373,0.27699999999999997,0.22,0.48200000000000004,0.369,0.325,0.139,0.187,77.3,15.2,78,312,365,132,1.0,13157
349,Nolan Arenado,680,606,187,100,37,130,3,0.309,0.27399999999999997,0.373,0.32,0.27699999999999997,0.586,0.395,0.363,0.091,0.156,83.6,21.0,295,1266,1356,129,5.6,9777
350,Nomar Mazara,616,554,140,64,20,101,2,0.253,0.242,0.32299999999999995,0.293,0.17,0.42200000000000004,0.317,0.317,0.08900000000000001,0.20600000000000002,83.4,14.2,290,1127,1312,92,0.4,14553
351,Norichika Aoki,374,336,93,48,5,35,10,0.27699999999999997,0.251,0.335,0.301,0.11599999999999999,0.39299999999999996,0.315,0.29100000000000004,0.078,0.11800000000000001,82.5,11.1,97,671,783,97,0.4,13075
352,Odubel Herrera,563,526,148,67,14,56,8,0.281,0.253,0.325,0.345,0.171,0.452,0.32899999999999996,0.304,0.055,0.22399999999999998,81.1,14.5,309,1157,1013,100,2.8,11476
353,Omar Narvaez,295,253,70,23,2,14,0,0.27699999999999997,0.266,0.373,0.33,0.063,0.34,0.321,0.317,0.129,0.153,77.5,15.2,77,522,678,100,1.5,13338
354,Orlando Arcia,548,506,140,56,15,53,14,0.27699999999999997,0.239,0.324,0.317,0.13,0.40700000000000003,0.309,0.284,0.066,0.182,80.5,12.6,275,1068,901,85,1.2,13185
355,Ozzie Albies,244,217,62,34,6,28,8,0.28600000000000003,0.26,0.354,0.316,0.171,0.456,0.34700000000000003,0.33,0.086,0.14800000000000002,82.0,19.2,107,469,434,112,1.9,16556
356,Pablo Sandoval,279,259,57,27,9,32,0,0.22,0.23199999999999998,0.265,0.24,0.147,0.36700000000000005,0.271,0.293,0.057,0.19,82.4,19.1,149,633,463,64,-0.8,5409
357,Pat Valaika,195,182,47,28,13,40,0,0.258,0.21100000000000002,0.284,0.29100000000000004,0.275,0.5329999999999999,0.33799999999999997,0.255,0.036000000000000004,0.272,79.1,18.7,123,382,303,92,0.6,14885
358,Patrick Kivlehan,204,178,37,23,9,26,1,0.20800000000000002,0.19,0.304,0.257,0.191,0.39899999999999997,0.303,0.284,0.10800000000000001,0.299,79.2,13.8,124,369,427,83,-0.2,13910
359,Paul DeJong,443,417,119,55,25,65,1,0.285,0.254,0.325,0.349,0.247,0.532,0.359,0.32299999999999995,0.047,0.28,80.4,21.7,253,906,847,122,3.0,18015
360,Paul Goldschmidt,665,558,166,117,36,120,18,0.297,0.278,0.40399999999999997,0.34299999999999997,0.265,0.563,0.4,0.397,0.141,0.221,85.3,15.8,300,1130,1624,142,5.3,9218
361,Paulo Orlando,90,86,17,9,2,6,1,0.198,0.255,0.225,0.23399999999999999,0.105,0.302,0.228,0.292,0.011000000000000001,0.222,82.8,15.7,52,173,119,34,-0.4,8628
362,Peter Bourjos,203,188,42,27,5,15,5,0.223,0.19,0.272,0.282,0.16,0.38299999999999995,0.28,0.23600000000000002,0.059000000000000004,0.261,80.3,12.7,114,392,414,74,0.1,2578
363,Rafael Devers,240,222,63,34,10,30,3,0.284,0.223,0.33799999999999997,0.342,0.198,0.48200000000000004,0.344,0.29600000000000004,0.075,0.23800000000000002,82.5,16.0,120,452,437,111,0.9,17350
364,Raimel Tapia,171,160,46,27,2,16,5,0.28800000000000003,0.242,0.32899999999999996,0.361,0.138,0.425,0.322,0.272,0.047,0.21100000000000002,75.4,15.1,78,354,252,81,-0.1,14350
365,Rajai Davis,366,336,79,56,5,20,29,0.235,0.214,0.293,0.297,0.113,0.348,0.27899999999999997,0.261,0.07400000000000001,0.22699999999999998,80.0,15.6,166,670,656,72,0.0,3708
366,Randal Grichuk,442,412,98,53,22,59,6,0.23800000000000002,0.233,0.285,0.293,0.235,0.473,0.315,0.321,0.059000000000000004,0.301,83.6,21.0,257,867,823,94,1.4,10243
367,Rene Rivera,237,218,55,23,10,35,0,0.252,0.25,0.305,0.324,0.179,0.431,0.31,0.32299999999999995,0.059000000000000004,0.295,80.7,17.7,162,483,388,91,1.0,3648
368,Rey Fuentes,145,136,32,19,3,9,4,0.235,0.217,0.278,0.29600000000000004,0.10300000000000001,0.33799999999999997,0.268,0.256,0.055,0.24100000000000002,77.6,12.7,82,289,292,55,-0.2,10329
369,Rhys Hoskins,212,170,44,37,18,48,2,0.259,0.255,0.396,0.24100000000000002,0.359,0.618,0.41700000000000004,0.39899999999999997,0.175,0.217,83.6,21.6,78,378,604,158,2.2,16472
370,Rickie Weeks Jr.,112,97,21,13,2,8,1,0.21600000000000003,0.165,0.321,0.413,0.124,0.34,0.297,0.261,0.107,0.43799999999999994,81.8,18.8,98,211,268,85,0.1,1849
371,Rio Ruiz,173,150,29,22,4,19,1,0.193,0.22,0.28300000000000003,0.231,0.113,0.307,0.261,0.303,0.11,0.237,82.9,14.5,91,335,347,56,-0.1,14103
372,Rob Refsnyder,98,88,15,8,0,0,4,0.17,0.221,0.247,0.21100000000000002,0.045,0.21600000000000003,0.209,0.27399999999999997,0.08199999999999999,0.17300000000000001,82.3,9.4,33,148,205,22,-0.7,13770
373,Robbie Grossman,456,382,94,62,9,45,3,0.24600000000000002,0.26,0.361,0.287,0.134,0.38,0.32899999999999996,0.341,0.147,0.17300000000000001,80.0,16.6,122,700,1117,102,0.5,5254
374,Roberto Perez,248,217,45,22,8,38,0,0.207,0.22,0.29100000000000004,0.266,0.166,0.373,0.289,0.295,0.105,0.28600000000000003,80.8,14.8,110,429,660,75,0.5,2900
375,Robinson Cano,648,592,166,79,23,97,1,0.28,0.297,0.33799999999999997,0.294,0.172,0.45299999999999996,0.33399999999999996,0.363,0.076,0.131,85.0,13.8,214,1204,1107,112,3.2,3269
376,Robinson Chirinos,309,263,67,46,17,38,1,0.255,0.217,0.36,0.298,0.251,0.506,0.369,0.33399999999999996,0.11,0.256,83.4,21.7,179,554,708,127,2.3,3142
377,Ronald Torreyes,336,315,92,35,3,36,2,0.292,0.226,0.314,0.326,0.083,0.375,0.297,0.24100000000000002,0.033,0.128,76.9,14.3,100,631,436,82,0.6,11400
378,Rougned Odor,651,607,124,79,30,75,15,0.204,0.221,0.252,0.22399999999999998,0.193,0.397,0.272,0.285,0.049,0.249,83.3,21.4,330,1269,1125,61,-1.0,12282
379,Ruben Tejada,124,113,26,17,0,5,0,0.23,0.266,0.293,0.265,0.053,0.28300000000000003,0.259,0.311,0.065,0.121,81.8,16.3,33,220,226,56,-0.2,5519
380,Russell Martin,365,307,68,49,13,35,1,0.221,0.23600000000000002,0.34299999999999997,0.261,0.166,0.38799999999999996,0.324,0.33799999999999997,0.13699999999999998,0.22699999999999998,83.8,14.4,141,597,885,100,1.8,4616
381,Ryan Braun,425,380,102,58,17,52,12,0.268,0.263,0.336,0.292,0.218,0.48700000000000004,0.34700000000000003,0.344,0.08900000000000001,0.179,83.5,12.3,177,804,740,110,1.5,3410
382,Ryan Goins,459,418,99,37,9,62,3,0.237,0.21,0.28600000000000003,0.28300000000000003,0.12,0.35600000000000004,0.278,0.261,0.068,0.209,80.1,12.3,161,756,941,69,-0.3,9807
383,Ryan Hanigan,112,101,27,9,2,12,0,0.267,0.222,0.324,0.33799999999999997,0.079,0.34700000000000003,0.289,0.263,0.071,0.23199999999999998,79.0,8.1,40,180,225,59,-0.1,4952
384,Ryan Rua,144,129,28,17,3,12,2,0.217,0.207,0.294,0.33799999999999997,0.11599999999999999,0.33299999999999996,0.278,0.278,0.09699999999999999,0.361,80.3,14.8,96,257,304,65,-0.5,12409
385,Ryan Schimpf,197,165,26,24,14,25,0,0.158,0.156,0.284,0.145,0.267,0.424,0.304,0.29100000000000004,0.13699999999999998,0.355,82.5,33.1,89,323,517,88,0.1,9953
386,Ryan Zimmerman,576,524,159,90,36,108,1,0.303,0.28600000000000003,0.358,0.335,0.26899999999999996,0.573,0.387,0.375,0.076,0.21899999999999997,85.8,15.6,240,985,1234,138,3.3,4220
387,Ryder Jones,164,150,26,12,2,5,1,0.17300000000000001,0.166,0.244,0.25,0.1,0.273,0.223,0.225,0.061,0.317,79.2,16.5,94,304,277,35,-1.2,15982
388,Ryon Healy,605,576,156,66,25,78,0,0.271,0.252,0.302,0.319,0.18100000000000002,0.451,0.32,0.313,0.038,0.235,83.4,15.8,291,1083,1190,100,0.2,15447
389,Salvador Perez,499,471,126,57,27,80,1,0.268,0.272,0.297,0.28,0.22699999999999998,0.495,0.32899999999999996,0.345,0.034,0.19,83.9,20.8,213,1021,711,103,2.1,7304
390,Sam Travis,83,76,20,13,0,1,1,0.263,0.226,0.325,0.377,0.079,0.342,0.29600000000000004,0.275,0.07200000000000001,0.27699999999999997,82.6,13.9,42,141,224,78,0.0,16263
391,Sandy Leon,301,271,61,32,7,39,0,0.225,0.213,0.29,0.28,0.129,0.354,0.27899999999999997,0.26899999999999996,0.083,0.24600000000000002,78.3,21.1,120,563,676,67,0.3,5273
392,Scooter Gennett,497,461,136,80,27,97,3,0.295,0.247,0.342,0.33899999999999997,0.23600000000000002,0.531,0.36700000000000005,0.312,0.06,0.22899999999999998,81.3,18.0,205,944,975,124,2.4,10339
393,Scott Schebler,531,473,110,63,30,67,5,0.233,0.245,0.307,0.248,0.252,0.484,0.33,0.33899999999999997,0.073,0.235,82.5,16.6,290,988,879,100,1.4,12225
394,Sean Rodriguez,153,132,22,18,5,8,1,0.16699999999999998,0.16899999999999998,0.276,0.243,0.129,0.295,0.257,0.255,0.105,0.373,78.0,18.1,115,297,292,55,-0.5,6589
395,Seth Smith,373,330,85,50,13,32,2,0.258,0.264,0.34,0.301,0.17600000000000002,0.433,0.332,0.35,0.09699999999999999,0.212,84.6,14.2,133,647,927,105,0.5,7331
396,Shane Peterson,88,79,20,9,2,11,2,0.253,0.214,0.31,0.316,0.139,0.392,0.304,0.27,0.057,0.239,80.4,21.2,55,185,144,90,0.3,7423
397,Shin-Soo Choo,636,544,142,96,22,78,12,0.261,0.268,0.35700000000000004,0.305,0.162,0.423,0.33899999999999997,0.364,0.121,0.21100000000000002,83.2,12.5,246,1062,1466,107,0.8,3174
398,Starlin Castro,473,443,133,66,16,63,2,0.3,0.254,0.33799999999999997,0.34700000000000003,0.153,0.45399999999999996,0.33799999999999997,0.303,0.049,0.19699999999999998,81.4,13.5,213,918,917,110,1.9,4579
399,Starling Marte,339,309,85,48,7,31,21,0.275,0.248,0.33299999999999996,0.324,0.10400000000000001,0.379,0.312,0.307,0.059000000000000004,0.18600000000000003,77.7,12.3,150,652,647,91,1.2,9241
400,Stephen Drew,106,95,24,9,1,17,0,0.253,0.209,0.302,0.303,0.105,0.358,0.285,0.267,0.075,0.198,84.2,23.0,38,177,263,70,0.1,4251
401,Stephen Piscotty,401,341,80,40,9,39,3,0.235,0.242,0.342,0.28600000000000003,0.132,0.36700000000000005,0.313,0.337,0.13,0.217,79.3,12.5,184,757,851,92,0.2,13367
402,Stephen Vogt,303,279,65,25,12,40,0,0.233,0.228,0.285,0.249,0.19,0.423,0.299,0.29100000000000004,0.069,0.185,81.1,20.9,98,552,684,83,-0.5,5000
403,Steve Pearce,348,313,79,38,13,37,0,0.252,0.239,0.319,0.281,0.185,0.43799999999999994,0.32299999999999995,0.312,0.078,0.195,82.6,16.2,139,650,717,99,0.0,9957
404,Steven Souza Jr.,617,523,125,78,30,78,16,0.239,0.223,0.35100000000000003,0.302,0.22,0.45899999999999996,0.348,0.33399999999999996,0.136,0.29,81.5,16.4,350,1091,1384,120,3.7,5667
405,Stuart Turner,89,82,11,4,2,7,0,0.134,0.188,0.182,0.153,0.11,0.244,0.18600000000000003,0.233,0.055999999999999994,0.247,83.2,14.3,40,151,168,6,-0.8,15207
406,T.J. Rivera,231,214,62,27,5,27,1,0.29,0.254,0.33,0.318,0.14,0.43,0.326,0.294,0.039,0.139,80.4,17.4,85,411,364,103,0.8,12495
407,Taylor Motter,280,258,51,29,7,26,12,0.198,0.23399999999999999,0.257,0.23199999999999998,0.128,0.326,0.254,0.28800000000000003,0.075,0.221,80.2,18.6,104,497,617,57,-0.6,12399
408,Teoscar Hernandez,95,88,23,16,8,20,0,0.261,0.218,0.305,0.33299999999999996,0.341,0.602,0.371,0.317,0.063,0.379,76.8,18.7,76,215,211,132,0.7,13066
409,Tim Anderson,606,587,151,72,17,56,15,0.257,0.22899999999999998,0.276,0.32799999999999996,0.145,0.402,0.28800000000000003,0.264,0.021,0.267,80.1,12.1,345,1158,948,78,0.2,15172
410,Tim Beckham,575,533,148,67,22,62,6,0.278,0.249,0.32799999999999996,0.365,0.17600000000000002,0.45399999999999996,0.33399999999999996,0.317,0.063,0.29,81.1,13.5,362,1166,1137,109,3.5,7949
411,Todd Frazier,576,474,101,74,27,76,4,0.213,0.22899999999999998,0.344,0.226,0.215,0.428,0.335,0.35200000000000004,0.14400000000000002,0.217,81.6,23.1,259,1004,1473,108,3.0,785
412,Tomas Telis,111,104,25,13,0,9,0,0.24,0.251,0.27899999999999997,0.263,0.106,0.34600000000000003,0.27,0.284,0.027000000000000003,0.09,80.1,12.5,19,181,236,64,-0.4,10067
413,Tommy Joseph,533,495,119,51,22,69,1,0.24,0.24,0.289,0.28,0.192,0.43200000000000005,0.305,0.302,0.062,0.242,83.8,18.0,267,1005,1019,85,-1.1,10349
414,Tommy La Stella,151,125,36,18,5,22,0,0.28800000000000003,0.259,0.389,0.298,0.184,0.47200000000000003,0.368,0.341,0.132,0.11900000000000001,82.5,19.0,41,281,349,126,0.8,12371
415,Tommy Pham,530,444,136,95,23,73,25,0.306,0.267,0.41100000000000003,0.368,0.214,0.52,0.39799999999999996,0.366,0.134,0.221,83.1,10.7,168,802,1305,148,5.9,2967
416,Tony Wolters,266,229,55,30,0,16,0,0.24,0.217,0.341,0.316,0.044000000000000004,0.284,0.27399999999999997,0.27899999999999997,0.124,0.207,78.6,11.2,89,448,579,49,-0.1,11470
417,Travis Jankowski,87,75,14,10,0,1,4,0.187,0.16399999999999998,0.282,0.298,0.027000000000000003,0.213,0.235,0.222,0.10300000000000001,0.322,79.1,11.8,44,157,205,43,-0.1,13768
418,Travis Shaw,606,538,147,84,31,101,10,0.273,0.25,0.349,0.312,0.24,0.513,0.361,0.33299999999999996,0.099,0.228,83.3,19.0,229,1081,1306,119,3.4,11982
419,Travis d'Arnaud,376,348,85,39,16,57,0,0.244,0.242,0.293,0.25,0.198,0.44299999999999995,0.308,0.307,0.061,0.157,82.2,18.0,170,712,650,91,0.8,7739
420,Trea Turner,447,412,117,75,11,45,46,0.284,0.245,0.33799999999999997,0.32899999999999996,0.16699999999999998,0.451,0.33799999999999997,0.305,0.067,0.179,84.0,11.8,168,737,942,105,3.0,16252
421,Trevor Plouffe,313,283,56,31,9,19,1,0.198,0.218,0.272,0.251,0.12,0.318,0.258,0.28600000000000003,0.08900000000000001,0.281,82.0,19.3,139,561,691,58,-1.2,7462
422,Trevor Story,555,503,120,68,24,82,7,0.239,0.205,0.308,0.332,0.21899999999999997,0.457,0.32299999999999995,0.289,0.08800000000000001,0.344,81.6,22.4,346,1098,1182,81,1.3,12564
423,Trey Mancini,586,543,159,65,24,78,1,0.293,0.262,0.33799999999999997,0.35200000000000004,0.195,0.488,0.349,0.336,0.055999999999999994,0.237,82.5,11.4,330,1160,1114,117,1.8,15149
424,Troy Tulowitzki,260,241,60,16,7,26,0,0.249,0.23600000000000002,0.3,0.272,0.129,0.37799999999999995,0.292,0.28600000000000003,0.065,0.154,81.7,14.5,79,440,525,78,0.0,3531
425,Tucker Barnhart,423,370,100,26,7,44,4,0.27,0.26899999999999996,0.34700000000000003,0.312,0.132,0.40299999999999997,0.317,0.327,0.099,0.161,80.8,12.6,140,735,801,92,2.0,10200
426,Ty Kelly,105,89,17,11,2,14,0,0.191,0.21,0.257,0.231,0.146,0.337,0.256,0.257,0.076,0.23800000000000002,77.0,13.9,37,165,266,53,-0.2,7740
427,Tyler Collins,169,150,29,18,5,14,0,0.193,0.196,0.278,0.264,0.14,0.33299999999999996,0.26899999999999996,0.28,0.107,0.325,83.9,23.6,100,315,382,62,-0.2,12723
428,Tyler Flowers,370,317,89,41,12,49,0,0.281,0.264,0.37799999999999995,0.342,0.16399999999999998,0.445,0.358,0.34700000000000003,0.084,0.222,81.8,14.4,176,687,729,120,2.5,9134
429,Tyler Moore,203,187,43,17,6,30,0,0.23,0.212,0.267,0.287,0.171,0.401,0.282,0.27,0.049,0.276,83.3,21.2,116,392,377,72,-0.2,7244
430,Tyler Saladino,281,253,45,23,0,10,5,0.17800000000000002,0.18,0.254,0.242,0.051,0.22899999999999998,0.223,0.23,0.08199999999999999,0.23800000000000002,80.1,16.6,119,484,660,33,-1.2,10807
431,Victor Martinez,435,392,100,38,10,47,0,0.255,0.271,0.324,0.28,0.11699999999999999,0.37200000000000005,0.303,0.344,0.083,0.145,84.2,16.2,124,773,877,85,-1.1,393
432,Welington Castillo,365,341,96,44,20,53,0,0.282,0.268,0.32299999999999995,0.336,0.20800000000000002,0.49,0.344,0.34299999999999997,0.06,0.266,84.1,18.5,154,626,819,113,2.7,3256
433,Whit Merrifield,630,587,169,80,19,78,34,0.28800000000000003,0.258,0.324,0.308,0.172,0.46,0.332,0.314,0.046,0.14,82.5,20.4,210,1198,1160,105,3.1,11281
434,Wil Myers,649,567,138,80,30,74,20,0.243,0.223,0.32799999999999996,0.297,0.22,0.46399999999999997,0.335,0.321,0.10800000000000001,0.27699999999999997,83.1,19.3,305,1177,1484,109,0.9,10047
435,Willson Contreras,428,377,104,50,21,74,5,0.276,0.244,0.35600000000000004,0.319,0.223,0.499,0.36200000000000004,0.336,0.105,0.22899999999999998,81.5,12.5,231,759,832,121,3.2,11609
436,Willy Garcia,119,105,25,15,2,12,0,0.23800000000000002,0.204,0.305,0.311,0.162,0.4,0.301,0.275,0.092,0.261,83.4,16.4,65,208,269,86,0.0,12956
437,Wilmer Difo,365,332,90,47,5,21,10,0.271,0.25,0.319,0.332,0.099,0.37,0.293,0.28600000000000003,0.066,0.203,77.8,11.2,180,701,630,76,1.0,14320
438,Wilmer Flores,362,336,91,42,18,52,1,0.271,0.259,0.307,0.27,0.217,0.488,0.331,0.318,0.047,0.149,82.3,20.0,125,760,706,106,0.9,5827
439,Wilson Ramos,224,208,54,19,11,35,0,0.26,0.261,0.29,0.262,0.188,0.447,0.307,0.326,0.045,0.161,79.5,11.0,85,402,316,92,0.4,1433
440,Xander Bogaerts,635,571,156,94,10,62,15,0.273,0.23199999999999998,0.34299999999999997,0.327,0.13,0.40299999999999997,0.321,0.28300000000000003,0.08800000000000001,0.183,81.0,12.7,222,1065,1472,96,3.2,12161
441,Yadier Molina,543,501,137,60,18,82,9,0.273,0.27899999999999997,0.312,0.285,0.166,0.439,0.316,0.33899999999999997,0.052000000000000005,0.136,82.9,20.4,197,1050,941,94,2.1,7007
442,Yan Gomes,383,341,79,43,14,56,0,0.23199999999999998,0.20199999999999999,0.309,0.28300000000000003,0.16699999999999998,0.39899999999999997,0.307,0.281,0.081,0.258,81.2,21.0,209,764,686,87,1.8,9627
443,Yandy Diaz,179,156,41,25,0,13,2,0.263,0.266,0.35200000000000004,0.336,0.064,0.327,0.306,0.331,0.11699999999999999,0.196,87.1,6.0,52,280,438,86,0.5,16578
444,Yangervis Solarte,512,466,119,49,18,64,3,0.255,0.245,0.314,0.258,0.161,0.41600000000000004,0.311,0.303,0.07200000000000001,0.11900000000000001,81.0,16.7,144,912,855,93,1.1,5352
445,Yasiel Puig,570,499,131,72,28,74,15,0.263,0.254,0.34600000000000003,0.27399999999999997,0.22399999999999998,0.48700000000000004,0.349,0.348,0.11199999999999999,0.175,82.7,14.4,242,979,1134,117,2.9,14225
446,Yasmani Grandal,482,438,108,50,22,58,0,0.247,0.21600000000000003,0.308,0.298,0.212,0.45899999999999996,0.325,0.28800000000000003,0.083,0.27,81.9,20.3,248,887,1020,102,2.5,11368
447,Yasmany Tomas,180,166,40,19,8,32,0,0.24100000000000002,0.23,0.294,0.294,0.223,0.46399999999999997,0.319,0.321,0.07200000000000001,0.278,84.8,13.7,110,348,314,89,0.1,17171
448,Yoan Moncada,231,199,46,31,8,22,3,0.231,0.209,0.33799999999999997,0.325,0.18100000000000002,0.41200000000000003,0.327,0.306,0.126,0.32,81.5,15.2,132,415,550,104,0.9,17232
449,Yoenis Cespedes,321,291,85,46,17,42,0,0.292,0.262,0.35200000000000004,0.316,0.247,0.54,0.369,0.35100000000000003,0.081,0.19,82.1,20.8,135,644,671,131,1.6,13110
450,Yolmer Sanchez,534,484,129,63,12,59,8,0.267,0.22899999999999998,0.319,0.321,0.147,0.413,0.313,0.276,0.066,0.20800000000000002,79.6,16.2,239,1000,989,94,2.1,11602
451,Yonder Alonso,521,451,120,72,28,67,2,0.266,0.262,0.365,0.302,0.235,0.501,0.366,0.368,0.131,0.226,83.0,20.4,255,976,1096,132,2.4,2530
452,Yuli Gurriel,564,529,158,69,18,75,3,0.299,0.28300000000000003,0.332,0.308,0.187,0.486,0.344,0.327,0.039,0.11,85.1,13.8,164,932,991,118,1.8,19198
453,Yunel Escobar,381,350,96,43,7,31,1,0.27399999999999997,0.272,0.33299999999999996,0.305,0.12300000000000001,0.397,0.318,0.33,0.076,0.134,84.3,7.1,126,637,718,100,0.8,4191
454,Zack Cozart,507,438,130,80,24,63,3,0.297,0.255,0.385,0.312,0.251,0.5479999999999999,0.392,0.332,0.122,0.154,81.7,16.3,139,868,1249,141,5.0,2616
455,Zack Granite,107,93,22,14,1,13,2,0.237,0.25,0.321,0.25,0.054000000000000006,0.29,0.278,0.29100000000000004,0.11199999999999999,0.084,79.9,15.4,10,160,265,67,-0.2,15343
