,player_name_x,PA,HR,R,RBI,SB,BB_percentage,K_percentage,OBP,wRC+,BsR,WAR,pitches,ba,iso,babip,slg,woba,xwoba,xba,hits,abs,launch_speed,launch_angle,whiffs,swings,takes
0,A.J. Ellis,163,6,17,14,0,0.07400000000000001,0.17800000000000002,0.298,80,-1.8,0.2,641,0.21,0.161,0.222,0.371,0.294,0.273,0.19699999999999998,30,143,80.8,16.5,52,270,365
1,A.J. Pollock,466,14,73,49,20,0.075,0.152,0.33,103,2.6,2.1,1743,0.266,0.205,0.29100000000000004,0.47100000000000003,0.34700000000000003,0.331,0.265,113,425,82.9,10.7,139,737,995
2,Aaron Altherr,412,19,58,65,5,0.078,0.252,0.34,120,-2.0,1.3,1598,0.272,0.245,0.32799999999999996,0.516,0.36700000000000005,0.33,0.244,101,372,83.3,14.3,212,708,878
3,Aaron Hicks,361,15,54,52,10,0.141,0.18600000000000003,0.37200000000000005,127,2.5,3.3,1483,0.266,0.209,0.29,0.475,0.36700000000000005,0.335,0.233,80,301,83.0,16.5,154,579,896
4,Aaron Judge,678,52,128,114,9,0.187,0.307,0.42200000000000004,173,0.0,8.2,3028,0.284,0.34299999999999997,0.35700000000000004,0.627,0.441,0.446,0.278,154,542,85.1,17.5,429,1228,1756
5,Abraham Almonte,195,3,26,14,2,0.10300000000000001,0.23600000000000002,0.314,81,1.5,-0.1,769,0.233,0.134,0.298,0.366,0.302,0.301,0.231,40,172,83.1,8.3,97,363,403
6,Adam Duvall,647,31,78,99,5,0.06,0.263,0.301,98,-0.1,1.8,2488,0.249,0.23199999999999998,0.29,0.48,0.332,0.295,0.217,146,587,81.5,22.8,312,1196,1278
7,Adam Eaton,107,2,24,13,3,0.131,0.168,0.39299999999999996,126,1.8,0.5,443,0.297,0.165,0.34700000000000003,0.462,0.375,0.319,0.228,27,91,81.9,14.3,39,188,252
8,Adam Engel,336,6,34,21,8,0.057,0.348,0.235,37,4.3,-0.7,1320,0.166,0.11599999999999999,0.247,0.282,0.228,0.223,0.16399999999999998,50,301,76.4,17.8,218,628,672
9,Adam Frazier,454,6,55,53,9,0.079,0.126,0.344,97,2.7,1.1,1764,0.276,0.12300000000000001,0.306,0.39899999999999997,0.32899999999999996,0.325,0.275,112,406,80.6,14.6,108,803,940
10,Adam Jones,635,26,82,73,2,0.043,0.17800000000000002,0.322,107,1.3,1.7,2287,0.285,0.18100000000000002,0.312,0.466,0.34,0.313,0.258,170,597,81.7,17.8,325,1329,944
11,Adam Lind,301,14,39,59,1,0.09300000000000001,0.156,0.36200000000000004,122,-1.3,0.9,1191,0.303,0.21,0.316,0.513,0.375,0.379,0.29100000000000004,81,267,85.4,14.9,95,529,644
12,Adam Rosales,312,7,25,36,1,0.035,0.321,0.26,57,0.6,-0.5,1222,0.225,0.128,0.312,0.353,0.264,0.226,0.18899999999999997,65,289,80.3,16.5,208,582,629
13,Addison Russell,385,12,52,43,2,0.075,0.23600000000000002,0.304,84,1.0,1.4,1503,0.239,0.179,0.289,0.418,0.315,0.306,0.24,84,352,82.7,20.7,204,740,737
14,Adeiny Hechavarria,348,8,37,30,4,0.037000000000000005,0.193,0.289,83,0.6,1.3,1171,0.261,0.145,0.304,0.406,0.3,0.293,0.26,86,330,80.8,14.7,166,674,491
15,Adonis Garcia,183,5,19,19,4,0.038,0.126,0.273,61,-0.1,-0.4,707,0.237,0.11,0.247,0.34700000000000003,0.27399999999999997,0.297,0.257,41,173,81.3,12.7,74,372,332
16,Adrian Beltre,389,17,47,71,1,0.1,0.134,0.38299999999999995,138,-3.9,3.1,1586,0.312,0.221,0.321,0.532,0.392,0.355,0.276,106,340,81.7,17.7,138,738,836
17,Adrian Gonzalez,252,3,14,30,0,0.063,0.171,0.287,69,-3.6,-1.1,897,0.242,0.113,0.28,0.355,0.281,0.303,0.252,56,231,83.0,14.2,110,451,444
18,Albert Almora Jr.,323,8,39,46,1,0.059000000000000004,0.16399999999999998,0.33799999999999997,103,-1.7,1.2,1117,0.298,0.147,0.33799999999999997,0.445,0.33799999999999997,0.299,0.255,89,299,82.1,12.1,141,573,533
19,Albert Pujols,636,23,53,101,3,0.057999999999999996,0.146,0.28600000000000003,78,-6.3,-2.0,2497,0.24100000000000002,0.145,0.249,0.386,0.294,0.326,0.268,143,593,84.5,16.5,241,1172,1311
20,Alcides Escobar,629,6,71,54,4,0.024,0.162,0.272,62,3.5,0.5,2237,0.25,0.107,0.29100000000000004,0.35700000000000004,0.272,0.265,0.243,150,599,79.2,17.6,247,1186,1025
21,Aledmys Diaz,301,7,31,20,4,0.043,0.14,0.29,78,-1.2,0.2,1074,0.259,0.133,0.282,0.392,0.297,0.263,0.231,74,286,81.4,16.8,124,560,504
22,Alen Hanson,234,4,36,11,11,0.051,0.222,0.262,59,1.4,-0.8,855,0.221,0.124,0.268,0.34600000000000003,0.265,0.23,0.19399999999999998,48,217,78.5,11.9,110,430,417
23,Alex Avila,376,14,41,49,0,0.165,0.319,0.387,124,-2.6,2.5,1618,0.264,0.183,0.382,0.447,0.368,0.401,0.272,82,311,86.4,16.0,216,593,1016
24,Alex Bregman,626,19,88,71,17,0.08800000000000001,0.155,0.35200000000000004,122,0.3,3.8,2309,0.284,0.191,0.311,0.475,0.35700000000000004,0.33799999999999997,0.271,158,556,83.0,21.1,170,1030,1264
25,Alex Gordon,541,9,52,45,7,0.083,0.233,0.293,62,0.9,0.0,2212,0.20800000000000002,0.107,0.261,0.315,0.275,0.3,0.22399999999999998,99,476,81.0,17.3,241,1042,1142
26,Alex Presley,264,3,30,20,5,0.057,0.18600000000000003,0.354,106,-1.3,0.5,1063,0.314,0.102,0.38299999999999995,0.41600000000000004,0.336,0.303,0.281,77,245,78.4,14.4,92,502,560
27,Alexi Amarista,176,3,22,19,1,0.04,0.21600000000000003,0.26899999999999996,45,-1.3,-1.2,698,0.23800000000000002,0.113,0.29100000000000004,0.35100000000000003,0.271,0.23399999999999999,0.21600000000000003,40,168,79.0,17.3,69,357,341
28,Allen Cordoba,227,4,17,15,2,0.079,0.23800000000000002,0.282,57,-0.6,-1.1,865,0.20800000000000002,0.08900000000000001,0.259,0.297,0.263,0.27,0.217,42,202,77.0,10.0,107,377,474
29,Amed Rosario,170,4,16,10,7,0.018000000000000002,0.28800000000000003,0.271,74,-0.2,0.3,642,0.248,0.145,0.33,0.39399999999999996,0.28800000000000003,0.228,0.205,41,165,78.7,12.5,127,355,284
30,Andrelton Simmons,647,14,77,69,19,0.073,0.10400000000000001,0.331,103,2.0,4.9,2295,0.278,0.14300000000000002,0.29100000000000004,0.42100000000000004,0.32899999999999996,0.304,0.256,164,589,81.3,11.8,143,1053,1229
31,Andres Blanco,144,3,10,13,1,0.083,0.23600000000000002,0.257,44,0.8,-0.4,553,0.192,0.1,0.23199999999999998,0.292,0.247,0.248,0.18899999999999997,25,130,80.2,16.7,88,294,258
32,Andrew Benintendi,658,20,84,90,20,0.106,0.17,0.35200000000000004,103,1.4,2.2,2560,0.271,0.154,0.301,0.424,0.341,0.33399999999999996,0.255,155,573,81.7,20.4,214,1113,1410
33,Andrew Knapp,204,3,26,13,1,0.152,0.275,0.368,95,0.3,0.7,833,0.257,0.111,0.36,0.368,0.33399999999999996,0.315,0.22699999999999998,44,171,82.7,12.2,95,343,473
34,Andrew McCutchen,650,28,94,88,11,0.11199999999999999,0.17800000000000002,0.363,122,1.3,3.7,2638,0.27899999999999997,0.207,0.305,0.486,0.369,0.354,0.267,159,570,83.5,17.5,249,1175,1439
35,Andrew Romine,348,4,45,25,6,0.063,0.193,0.289,65,-1.1,-0.4,1332,0.233,0.10400000000000001,0.281,0.336,0.27699999999999997,0.282,0.239,74,318,78.6,12.7,165,707,617
36,Andrew Toles,102,5,17,15,0,0.049,0.157,0.314,104,0.1,0.5,382,0.271,0.188,0.28,0.45799999999999996,0.335,0.314,0.24600000000000002,26,96,81.4,13.0,35,198,182
37,Anthony Rendon,605,25,81,100,7,0.139,0.136,0.40299999999999997,142,1.5,6.9,2669,0.301,0.23199999999999998,0.314,0.5329999999999999,0.40299999999999997,0.368,0.268,153,508,83.9,21.4,152,1068,1568
38,Anthony Rizzo,691,32,99,109,10,0.132,0.13,0.392,133,-4.2,4.0,2760,0.273,0.23399999999999999,0.273,0.507,0.39,0.397,0.28300000000000003,156,572,83.4,21.0,231,1261,1433
39,Arismendy Alcantara,108,1,13,7,2,0.019,0.35200000000000004,0.187,6,1.0,-0.7,415,0.171,0.076,0.258,0.248,0.18899999999999997,0.17300000000000001,0.162,18,105,78.0,12.0,73,212,202
40,Asdrubal Cabrera,540,14,66,59,3,0.09300000000000001,0.154,0.35100000000000003,111,-8.9,1.3,2066,0.28,0.154,0.31,0.434,0.344,0.33399999999999996,0.264,134,479,81.0,16.0,183,965,1088
41,Austin Barnes,262,8,35,38,4,0.149,0.16399999999999998,0.408,142,-1.6,2.5,1072,0.289,0.19699999999999998,0.32899999999999996,0.486,0.39299999999999996,0.37,0.278,63,218,83.4,14.9,56,389,674
42,Austin Hedges,417,18,36,55,4,0.055,0.293,0.262,71,-1.0,0.6,1548,0.214,0.183,0.26,0.39799999999999996,0.285,0.26,0.2,83,387,81.9,20.2,261,815,717
43,Austin Jackson,318,7,46,35,3,0.10400000000000001,0.201,0.387,131,0.4,1.8,1365,0.318,0.16399999999999998,0.385,0.48200000000000004,0.37799999999999995,0.335,0.271,89,280,82.1,15.1,126,576,787
44,Austin Romine,252,2,19,21,0,0.063,0.226,0.272,49,-1.3,-0.6,951,0.218,0.07400000000000001,0.27699999999999997,0.293,0.253,0.297,0.254,50,229,79.8,14.6,123,467,481
45,Austin Slater,127,3,15,16,0,0.063,0.228,0.33899999999999997,100,1.3,0.4,466,0.282,0.12,0.353,0.402,0.32899999999999996,0.27,0.217,33,117,84.5,8.1,59,219,245
46,Avisail Garcia,561,18,75,80,5,0.059000000000000004,0.198,0.38,137,1.9,4.2,2013,0.33,0.17600000000000002,0.392,0.506,0.385,0.353,0.27899999999999997,171,518,83.4,12.9,345,1176,810
47,Ben Gamel,550,11,68,59,4,0.065,0.222,0.322,99,3.5,1.6,2192,0.275,0.138,0.34,0.413,0.322,0.29,0.244,140,509,81.6,14.5,205,977,1208
48,Ben Revere,308,1,37,20,21,0.049,0.081,0.308,77,4.5,0.0,1122,0.275,0.069,0.29600000000000004,0.344,0.29100000000000004,0.3,0.284,80,291,78.0,8.2,46,484,628
49,Ben Zobrist,496,12,58,50,2,0.109,0.14300000000000002,0.318,82,-1.9,0.3,1947,0.23199999999999998,0.14300000000000002,0.251,0.375,0.307,0.322,0.253,101,435,82.2,12.3,105,761,1167
50,Billy Hamilton,633,4,85,38,59,0.07,0.21,0.299,66,9.5,1.2,2518,0.247,0.08800000000000001,0.313,0.335,0.282,0.243,0.215,144,582,74.8,14.2,224,1141,1349
51,Boog Powell,135,3,24,12,0,0.111,0.222,0.358,108,-0.7,0.6,567,0.282,0.12,0.349,0.402,0.335,0.275,0.21600000000000003,33,117,79.9,17.1,45,217,346
52,Brad Miller,407,9,43,40,5,0.155,0.27,0.327,83,-0.6,-0.1,1664,0.201,0.136,0.265,0.337,0.303,0.316,0.209,68,338,80.5,17.9,236,754,893
53,Bradley Zimmer,332,8,41,39,18,0.078,0.298,0.307,81,6.7,1.6,1305,0.24100000000000002,0.14400000000000002,0.32799999999999996,0.385,0.305,0.292,0.21600000000000003,72,299,81.2,13.4,191,610,685
54,Brandon Belt,451,18,63,51,3,0.146,0.231,0.355,119,-0.8,2.3,1866,0.24100000000000002,0.228,0.284,0.469,0.359,0.379,0.26,92,382,81.9,21.8,209,842,1003
55,Brandon Crawford,570,14,58,77,3,0.07400000000000001,0.198,0.305,86,-1.3,2.0,2182,0.253,0.151,0.293,0.40299999999999997,0.309,0.312,0.245,131,518,82.3,17.4,312,1114,1054
56,Brandon Drury,480,13,41,63,1,0.057999999999999996,0.215,0.317,92,-0.4,1.2,1851,0.267,0.18,0.32,0.447,0.331,0.31,0.253,119,445,82.5,10.1,198,839,1001
57,Brandon Guyer,192,2,23,20,2,0.078,0.22399999999999998,0.326,78,0.0,0.0,762,0.23600000000000002,0.091,0.303,0.327,0.295,0.297,0.233,39,165,78.1,17.5,79,324,425
58,Brandon Moss,401,22,41,50,2,0.092,0.319,0.27899999999999997,84,-0.1,-0.5,1648,0.207,0.221,0.248,0.428,0.305,0.336,0.23,75,362,82.7,22.6,283,795,852
59,Brandon Nimmo,215,5,26,21,2,0.153,0.27899999999999997,0.379,117,0.4,1.1,950,0.26,0.158,0.36,0.418,0.353,0.34600000000000003,0.247,46,177,80.8,15.1,85,349,595
60,Brandon Phillips,604,13,81,60,11,0.035,0.121,0.319,93,-2.3,1.6,2112,0.285,0.131,0.308,0.41600000000000004,0.321,0.304,0.27399999999999997,163,572,78.5,12.5,239,1183,914
61,Brett Gardner,682,21,96,63,23,0.106,0.179,0.35,108,6.0,3.8,2898,0.264,0.163,0.3,0.428,0.341,0.322,0.253,157,594,81.6,14.7,162,1038,1832
62,Brett Phillips,98,4,9,12,5,0.092,0.34700000000000003,0.35100000000000003,104,2.2,1.0,432,0.276,0.172,0.408,0.44799999999999995,0.34700000000000003,0.28600000000000003,0.21,24,87,78.7,14.4,57,178,246
63,Brian Anderson,95,0,11,8,0,0.105,0.295,0.337,90,0.3,0.2,384,0.262,0.107,0.386,0.369,0.315,0.317,0.25,22,84,80.6,12.9,54,180,204
64,Brian Dozier,705,34,106,93,16,0.111,0.2,0.359,125,3.6,5.0,2851,0.271,0.22699999999999998,0.3,0.498,0.37,0.33899999999999997,0.237,167,617,83.0,20.9,290,1174,1639
65,Brian Goodwin,278,13,41,30,6,0.083,0.248,0.313,105,-0.2,0.5,1148,0.251,0.247,0.29100000000000004,0.498,0.345,0.324,0.242,63,251,81.5,16.7,120,468,668
66,Brian McCann,399,18,47,62,1,0.095,0.145,0.32299999999999995,103,-1.8,1.6,1593,0.24100000000000002,0.195,0.237,0.436,0.33,0.336,0.254,84,349,83.0,18.9,116,680,892
67,Brock Holt,164,0,20,7,2,0.11599999999999999,0.207,0.305,51,-2.2,-0.9,716,0.2,0.043,0.259,0.243,0.26,0.252,0.18899999999999997,28,140,78.9,7.5,41,268,442
68,Brock Stassi,90,2,6,7,0,0.133,0.244,0.278,54,-1.2,-0.3,406,0.16699999999999998,0.128,0.204,0.295,0.263,0.285,0.205,13,78,81.6,20.8,28,171,235
69,Bruce Maxwell,253,3,21,22,0,0.12300000000000001,0.249,0.32899999999999996,84,-3.1,0.4,1132,0.237,0.096,0.316,0.33299999999999996,0.3,0.31,0.235,52,219,80.1,15.4,101,470,662
70,Bryce Harper,492,29,95,87,4,0.138,0.201,0.413,156,-1.2,4.8,1997,0.319,0.276,0.35600000000000004,0.595,0.429,0.39,0.28300000000000003,134,420,83.3,16.8,259,964,999
71,Buster Posey,568,12,62,67,6,0.107,0.11599999999999999,0.4,128,-1.8,4.3,2125,0.32,0.142,0.34700000000000003,0.462,0.38,0.358,0.281,158,494,84.6,15.3,146,917,1148
72,Byron Buxton,511,16,69,51,29,0.07400000000000001,0.294,0.314,90,11.7,3.5,1996,0.253,0.16,0.33899999999999997,0.413,0.316,0.28,0.21600000000000003,117,462,79.9,18.2,300,961,1000
73,C.J. Cron,373,16,39,56,3,0.059000000000000004,0.257,0.305,99,-1.7,0.5,1405,0.248,0.18899999999999997,0.29600000000000004,0.43700000000000006,0.319,0.332,0.256,84,339,82.7,20.4,199,736,662
74,Caleb Joseph,266,8,31,28,0,0.038,0.271,0.287,82,-0.3,0.4,1029,0.256,0.157,0.32799999999999996,0.413,0.303,0.282,0.24100000000000002,65,254,81.1,15.3,134,508,520
75,Cam Perkins,97,1,9,8,0,0.052000000000000005,0.237,0.237,32,-0.5,-0.7,1842,0.228,0.13699999999999998,0.27399999999999997,0.365,0.306,0.29100000000000004,0.218,90,395,81.9,10.2,160,684,1147
76,Cameron Maybin,450,10,63,35,33,0.113,0.209,0.318,88,4.5,1.2,348,0.182,0.091,0.22699999999999998,0.273,0.228,0.256,0.21,16,88,81.4,9.8,39,159,187
77,Cameron Rupp,331,14,35,34,1,0.10300000000000001,0.344,0.299,84,-2.6,0.8,1378,0.217,0.2,0.298,0.41700000000000004,0.313,0.295,0.20199999999999999,64,295,82.8,16.0,232,624,745
78,Carlos Asuaje,343,4,28,21,0,0.08199999999999999,0.222,0.33399999999999996,90,-1.8,0.8,1327,0.27,0.091,0.34600000000000003,0.36200000000000004,0.308,0.27399999999999997,0.22399999999999998,83,307,79.4,16.6,123,612,709
79,Carlos Beltran,509,14,60,51,0,0.065,0.2,0.28300000000000003,76,-2.7,-1.1,1940,0.231,0.152,0.263,0.38299999999999995,0.29100000000000004,0.285,0.228,108,467,82.8,18.4,183,922,1002
80,Carlos Correa,481,24,82,84,2,0.11,0.191,0.391,152,1.6,5.2,1915,0.316,0.235,0.35200000000000004,0.551,0.40399999999999997,0.39299999999999996,0.302,133,421,85.8,12.5,174,800,1093
81,Carlos Gomez,426,17,51,51,13,0.073,0.298,0.34,110,2.1,2.3,1595,0.255,0.207,0.336,0.462,0.345,0.324,0.237,94,368,80.9,19.6,268,888,679
82,Carlos Gonzalez,534,14,72,57,3,0.105,0.223,0.33899999999999997,84,-0.4,-0.2,1950,0.262,0.162,0.318,0.423,0.33399999999999996,0.302,0.22899999999999998,123,470,81.8,11.2,310,967,967
83,Carlos Ruiz,145,3,14,11,1,0.09699999999999999,0.262,0.313,84,-0.6,0.5,629,0.21600000000000003,0.136,0.282,0.35200000000000004,0.297,0.318,0.23800000000000002,27,125,82.8,17.1,47,230,394
84,Carlos Santana,667,23,90,79,5,0.132,0.141,0.363,117,0.8,3.0,2667,0.259,0.196,0.27399999999999997,0.455,0.359,0.36200000000000004,0.263,148,571,84.3,16.6,204,1059,1583
85,Cesar Hernandez,577,9,85,34,15,0.106,0.18,0.373,111,0.7,3.3,2320,0.294,0.127,0.353,0.42100000000000004,0.353,0.316,0.251,150,511,79.9,9.7,195,933,1361
86,Chad Pinder,309,15,36,42,2,0.057999999999999996,0.298,0.292,97,-3.2,0.3,1173,0.23800000000000002,0.22,0.292,0.457,0.32,0.332,0.24,67,282,82.4,16.6,187,606,560
87,Charlie Blackmon,725,37,137,104,14,0.09,0.18600000000000003,0.39899999999999997,141,2.0,6.5,2916,0.331,0.271,0.371,0.602,0.424,0.364,0.278,213,643,82.1,16.3,252,1334,1537
88,Chase Headley,586,12,77,61,9,0.102,0.225,0.35200000000000004,104,1.0,1.9,2337,0.273,0.133,0.341,0.406,0.335,0.32,0.25,140,512,80.8,13.9,269,1032,1289
89,Chase Utley,353,8,43,34,6,0.091,0.161,0.324,96,2.4,1.3,1353,0.23600000000000002,0.168,0.264,0.405,0.32,0.319,0.23600000000000002,73,309,83.3,14.8,73,516,825
90,Cheslor Cuthbert,153,2,10,18,0,0.059000000000000004,0.255,0.275,56,0.0,-0.5,572,0.231,0.091,0.301,0.322,0.266,0.263,0.22,33,143,80.0,21.2,88,298,274
91,Chris Carter,208,8,20,26,0,0.096,0.365,0.284,73,-1.4,-0.7,890,0.201,0.168,0.284,0.37,0.28800000000000003,0.294,0.19,37,184,82.2,22.7,172,425,462
92,Chris Coghlan,88,1,7,5,0,0.102,0.25,0.299,56,0.0,-0.5,364,0.2,0.067,0.264,0.267,0.261,0.268,0.201,15,75,76.9,11.8,34,172,188
93,Chris Davis,524,26,65,61,1,0.11599999999999999,0.37200000000000005,0.309,92,-0.9,0.2,2134,0.215,0.20800000000000002,0.301,0.423,0.32,0.32799999999999996,0.218,98,456,84.2,17.6,320,906,1207
94,Chris Gimenez,225,7,28,16,1,0.147,0.267,0.35,100,-0.5,1.2,943,0.22,0.161,0.28600000000000003,0.382,0.327,0.311,0.212,41,186,81.5,19.3,111,395,541
95,Chris Herrmann,256,10,35,27,5,0.113,0.262,0.273,58,2.6,-0.6,1091,0.18100000000000002,0.16399999999999998,0.207,0.345,0.276,0.298,0.207,41,226,83.4,15.9,135,475,616
96,Chris Iannetta,316,17,38,43,0,0.11699999999999999,0.275,0.354,120,-1.9,2.2,1369,0.254,0.257,0.308,0.511,0.37200000000000005,0.326,0.222,69,272,81.5,18.1,163,607,756
97,Chris Owings,386,12,41,51,12,0.044000000000000004,0.225,0.299,85,2.0,0.4,1369,0.268,0.174,0.318,0.442,0.317,0.26899999999999996,0.226,97,362,81.0,14.8,176,759,599
98,Chris Stewart,144,0,8,4,0,0.063,0.153,0.24100000000000002,22,0.2,-0.6,571,0.183,0.038,0.22,0.221,0.21100000000000002,0.253,0.22,24,131,77.6,11.7,36,228,332
99,Chris Taylor,568,21,85,72,17,0.08800000000000001,0.25,0.354,126,6.7,4.7,2268,0.28800000000000003,0.20800000000000002,0.361,0.496,0.368,0.331,0.258,148,514,81.3,17.0,263,1032,1225
100,Chris Young,276,7,30,25,3,0.109,0.19899999999999998,0.322,88,0.3,-0.2,1110,0.235,0.152,0.275,0.387,0.315,0.295,0.222,57,243,81.0,20.1,87,435,672
101,Christian Arroyo,135,3,9,14,1,0.059000000000000004,0.237,0.244,44,-1.1,-0.5,537,0.192,0.11199999999999999,0.231,0.304,0.244,0.273,0.22699999999999998,24,125,79.6,10.8,55,278,253
102,Christian Vazquez,345,5,43,32,7,0.049,0.18600000000000003,0.33,93,-2.6,1.6,1357,0.29,0.114,0.348,0.40399999999999997,0.324,0.29100000000000004,0.256,94,324,80.7,12.3,107,600,751
103,Christian Yelich,695,18,100,81,16,0.115,0.19699999999999998,0.369,115,6.8,4.5,2899,0.282,0.156,0.336,0.439,0.355,0.35200000000000004,0.271,170,602,84.4,9.9,271,1223,1652
104,Cliff Pennington,217,3,23,21,3,0.07400000000000001,0.267,0.306,73,1.0,0.4,888,0.253,0.077,0.33299999999999996,0.33,0.28300000000000003,0.263,0.21899999999999997,49,194,80.4,18.2,98,394,486
105,Clint Frazier,142,4,16,17,1,0.049,0.303,0.268,82,0.5,-0.3,565,0.231,0.21600000000000003,0.307,0.44799999999999995,0.304,0.28800000000000003,0.222,31,134,80.5,17.9,78,274,290
106,Cody Bellinger,548,39,87,97,10,0.11699999999999999,0.266,0.35200000000000004,138,2.0,4.0,2252,0.267,0.315,0.299,0.581,0.39299999999999996,0.35700000000000004,0.24,128,480,84.2,21.2,318,978,1219
107,Colby Rasmus,129,9,17,23,1,0.054000000000000006,0.349,0.318,132,0.6,1.1,484,0.281,0.298,0.368,0.579,0.376,0.34299999999999997,0.245,34,121,83.5,15.4,101,260,216
108,Conor Gillaspie,87,2,8,8,0,0.057,0.115,0.218,33,0.3,-0.4,307,0.163,0.125,0.159,0.28800000000000003,0.22399999999999998,0.262,0.209,13,80,81.0,13.3,27,146,160
109,Corey Dickerson,629,27,84,62,4,0.055999999999999994,0.242,0.325,115,-0.2,2.6,2513,0.282,0.207,0.33799999999999997,0.49,0.35,0.31,0.249,166,588,81.0,22.2,418,1464,1023
110,Corey Seager,613,22,85,77,4,0.109,0.214,0.375,127,3.6,5.7,2256,0.295,0.184,0.35200000000000004,0.479,0.373,0.38,0.29100000000000004,159,539,84.0,13.9,306,1123,1112
111,Cory Spangenberg,486,13,57,46,11,0.07,0.263,0.322,94,5.0,1.1,1795,0.264,0.13699999999999998,0.342,0.401,0.318,0.278,0.21899999999999997,117,444,80.5,14.7,230,874,900
112,Craig Gentry,117,2,17,11,5,0.094,0.205,0.33299999999999996,93,0.0,0.1,450,0.257,0.129,0.316,0.386,0.312,0.302,0.247,26,101,77.6,11.9,44,197,246
113,Curtis Granderson,527,26,74,64,6,0.135,0.233,0.32299999999999995,105,2.9,2.1,2387,0.212,0.24100000000000002,0.228,0.452,0.336,0.33299999999999996,0.218,95,449,83.2,20.7,176,911,1463
114,DJ LeMahieu,682,8,95,64,6,0.087,0.132,0.374,94,-4.5,1.8,2680,0.31,0.099,0.35100000000000003,0.409,0.348,0.33899999999999997,0.297,189,609,83.7,9.4,141,1106,1555
115,Daniel Descalso,398,10,47,51,4,0.121,0.22399999999999998,0.332,88,0.6,0.1,1580,0.233,0.163,0.28300000000000003,0.395,0.32299999999999995,0.306,0.215,80,344,81.3,16.9,150,639,935
116,Daniel Murphy,593,23,94,93,2,0.08800000000000001,0.13,0.384,136,-2.0,4.3,2224,0.322,0.221,0.341,0.5429999999999999,0.39899999999999997,0.368,0.298,172,534,85.2,20.2,140,1024,1145
117,Daniel Nava,214,4,21,21,1,0.121,0.17800000000000002,0.39299999999999996,119,-0.3,1.1,859,0.301,0.12,0.35700000000000004,0.42100000000000004,0.363,0.35700000000000004,0.278,55,183,82.8,17.1,63,354,501
118,Daniel Robertson,254,5,22,19,1,0.114,0.287,0.308,76,-1.3,0.1,1051,0.20600000000000002,0.11900000000000001,0.282,0.326,0.287,0.267,0.17600000000000002,45,218,80.1,13.0,106,434,611
119,Daniel Robertson,88,1,9,7,0,0.08,0.034,0.287,61,-1.7,-0.3,316,0.225,0.113,0.22399999999999998,0.33799999999999997,0.276,0.27,0.23800000000000002,18,80,81.1,-1.6,6,122,188
120,Danny Espinosa,295,6,30,31,4,0.071,0.369,0.245,41,-1.5,-1.0,1108,0.17300000000000001,0.105,0.261,0.278,0.23600000000000002,0.248,0.175,46,266,80.2,18.3,239,572,511
121,Danny Santana,178,4,19,23,7,0.045,0.23,0.243,51,2.1,-0.2,626,0.20199999999999999,0.155,0.244,0.35700000000000004,0.26,0.26,0.20600000000000002,34,168,80.1,12.1,96,345,273
122,Danny Valencia,500,15,54,66,2,0.08,0.244,0.314,95,-5.9,-0.4,2000,0.256,0.156,0.312,0.41100000000000003,0.316,0.297,0.237,115,450,83.8,14.0,256,856,1142
123,Dansby Swanson,551,6,59,51,3,0.107,0.218,0.312,66,1.6,0.1,2225,0.23199999999999998,0.092,0.292,0.324,0.289,0.29100000000000004,0.228,113,488,82.0,12.4,231,972,1214
124,Darwin Barney,362,6,34,25,7,0.05,0.177,0.275,58,-0.9,-0.6,1332,0.23199999999999998,0.095,0.27,0.327,0.264,0.251,0.22399999999999998,78,336,78.0,16.0,117,659,661
125,David Freese,503,10,44,52,0,0.115,0.231,0.368,100,-4.2,1.6,2096,0.263,0.10800000000000001,0.336,0.371,0.335,0.33899999999999997,0.252,112,426,82.8,10.2,209,900,1161
126,David Peralta,577,14,82,57,8,0.075,0.163,0.35200000000000004,104,1.2,1.8,2148,0.293,0.15,0.33299999999999996,0.444,0.349,0.309,0.253,154,525,82.6,11.7,227,1041,1096
127,Dee Gordon,695,2,114,33,60,0.036000000000000004,0.134,0.341,92,9.2,3.3,2397,0.308,0.067,0.354,0.375,0.318,0.254,0.237,201,653,75.7,6.9,186,1256,1087
128,Delino DeShields,440,6,75,22,29,0.1,0.248,0.34700000000000003,90,9.2,2.3,1814,0.26899999999999996,0.098,0.358,0.36700000000000005,0.311,0.255,0.191,101,376,76.7,12.5,165,707,1082
129,Denard Span,542,12,73,43,12,0.07400000000000001,0.127,0.32899999999999996,102,-0.6,1.2,2032,0.272,0.155,0.295,0.42700000000000005,0.331,0.317,0.268,135,497,79.7,14.4,105,887,1132
130,Derek Dietrich,464,13,56,53,0,0.078,0.21100000000000002,0.33399999999999996,99,1.5,1.5,1854,0.249,0.175,0.295,0.425,0.332,0.32299999999999995,0.247,101,405,80.8,19.9,169,851,964
131,Derek Fisher,166,5,21,17,3,0.102,0.325,0.307,82,-1.3,-0.1,669,0.212,0.14400000000000002,0.299,0.35600000000000004,0.298,0.292,0.214,31,146,81.4,8.2,84,265,400
132,Derek Norris,198,9,21,24,1,0.061,0.242,0.258,68,-0.8,0.1,751,0.201,0.179,0.214,0.38,0.276,0.29100000000000004,0.223,36,179,82.5,23.4,99,370,377
133,Deven Marrero,188,4,32,27,5,0.064,0.324,0.259,51,0.7,0.2,803,0.21100000000000002,0.12300000000000001,0.29600000000000004,0.33299999999999996,0.257,0.244,0.2,36,171,78.9,10.4,107,370,423
134,Devin Mesoraco,165,6,17,14,1,0.109,0.23,0.321,88,0.0,0.4,671,0.213,0.177,0.245,0.39,0.316,0.302,0.20600000000000002,30,141,78.7,17.9,84,325,341
135,Devon Travis,197,5,22,24,4,0.036000000000000004,0.193,0.29100000000000004,89,-0.1,0.6,747,0.259,0.17800000000000002,0.299,0.43799999999999994,0.311,0.337,0.285,48,185,82.3,18.3,66,352,391
136,Dexter Fowler,491,18,68,64,7,0.128,0.20600000000000002,0.363,121,1.9,2.7,1993,0.264,0.22399999999999998,0.305,0.488,0.368,0.355,0.266,111,420,81.9,16.5,190,848,1117
137,Didi Gregorius,570,25,73,87,3,0.044000000000000004,0.12300000000000001,0.318,107,3.1,3.9,2073,0.287,0.191,0.287,0.478,0.341,0.285,0.249,153,534,80.1,21.9,263,1205,857
138,Dixon Machado,181,1,17,11,1,0.055,0.177,0.302,64,-2.5,-0.5,677,0.259,0.06,0.311,0.319,0.276,0.265,0.23,43,166,80.1,7.5,59,274,400
139,Domingo Santana,607,30,88,85,15,0.12,0.293,0.371,126,3.2,3.3,2499,0.278,0.22699999999999998,0.363,0.505,0.379,0.354,0.263,146,525,82.4,12.5,371,1153,1331
140,Dominic Smith,183,9,17,26,0,0.077,0.268,0.262,73,-1.2,-0.6,742,0.198,0.198,0.218,0.395,0.285,0.324,0.243,33,167,84.3,13.7,105,362,379
141,Drew Butera,177,3,18,14,0,0.068,0.23199999999999998,0.284,60,1.4,0.2,720,0.22699999999999998,0.092,0.28600000000000003,0.319,0.27,0.251,0.212,37,163,79.3,20.0,70,329,390
142,Drew Robinson,121,6,11,13,0,0.11599999999999999,0.34700000000000003,0.314,96,-1.0,0.0,545,0.22399999999999998,0.215,0.305,0.439,0.32899999999999996,0.317,0.205,24,107,80.3,19.2,74,252,292
143,Dustin Garneau,126,2,10,9,0,0.095,0.28600000000000003,0.272,48,1.2,0.2,516,0.188,0.125,0.257,0.313,0.262,0.26,0.198,21,112,78.4,23.3,83,270,242
144,Dustin Pedroia,463,7,46,62,4,0.106,0.10400000000000001,0.369,102,-4.7,1.9,1857,0.293,0.099,0.315,0.392,0.33899999999999997,0.324,0.272,119,406,81.3,15.3,85,764,1072
145,Eddie Rosario,589,27,79,78,9,0.059000000000000004,0.18,0.32799999999999996,116,-0.6,2.5,2159,0.29,0.218,0.312,0.507,0.354,0.318,0.252,157,542,81.8,18.2,286,1184,961
146,Eduardo Escobar,499,21,62,73,5,0.066,0.196,0.309,96,3.0,1.6,2018,0.254,0.195,0.27899999999999997,0.449,0.327,0.326,0.249,116,457,80.4,20.8,236,1049,949
147,Eduardo Nunez,491,12,60,58,24,0.037000000000000005,0.11,0.341,112,2.1,2.2,1721,0.313,0.14800000000000002,0.33299999999999996,0.46,0.348,0.275,0.24600000000000002,146,467,80.5,13.8,150,911,802
148,Edwin Encarnacion,669,38,96,107,2,0.155,0.19899999999999998,0.377,132,-8.4,2.5,2884,0.258,0.245,0.271,0.504,0.38,0.391,0.267,143,554,83.7,17.8,313,1233,1632
149,Ehire Adrianza,186,2,30,24,8,0.086,0.134,0.324,84,3.6,1.0,722,0.265,0.11699999999999999,0.29100000000000004,0.38299999999999995,0.308,0.29,0.23,43,162,79.3,18.0,33,304,401
150,Elias Diaz,200,1,18,19,1,0.055,0.19,0.265,52,-2.7,-0.3,756,0.223,0.09,0.273,0.314,0.258,0.272,0.23800000000000002,42,188,80.6,15.2,74,390,366
151,Elvis Andrus,689,20,100,88,25,0.055,0.147,0.337,110,4.4,4.1,2547,0.297,0.174,0.325,0.47100000000000003,0.349,0.302,0.254,191,643,81.2,12.3,235,1200,1338
152,Ender Inciarte,718,11,93,57,22,0.068,0.131,0.35,100,2.3,3.0,2551,0.304,0.106,0.33899999999999997,0.409,0.335,0.28300000000000003,0.248,201,662,78.2,14.3,193,1326,1189
153,Enrique Hernandez,342,11,46,37,3,0.12,0.23399999999999999,0.308,92,3.2,1.3,1400,0.215,0.205,0.254,0.42100000000000004,0.316,0.303,0.214,64,297,81.8,18.9,166,651,738
154,Eric Hosmer,671,25,98,94,6,0.098,0.155,0.385,135,1.8,4.1,2585,0.318,0.179,0.35100000000000003,0.498,0.385,0.353,0.285,192,603,83.9,9.3,262,1210,1362
155,Eric Sogard,299,3,37,18,3,0.151,0.124,0.39299999999999996,108,-2.3,1.1,1236,0.272,0.10400000000000001,0.311,0.376,0.349,0.341,0.267,68,250,80.6,17.9,48,438,782
156,Eric Thames,551,31,83,63,4,0.136,0.29600000000000004,0.359,124,-1.7,2.1,2356,0.248,0.271,0.309,0.519,0.37799999999999995,0.33799999999999997,0.221,116,468,82.3,17.5,320,1013,1322
157,Eric Young,125,4,24,16,12,0.04,0.248,0.336,108,2.3,0.8,434,0.264,0.155,0.33299999999999996,0.418,0.325,0.251,0.198,29,110,78.4,7.2,66,220,204
158,Erick Aybar,370,7,37,22,11,0.076,0.154,0.3,74,0.5,-0.2,1367,0.23399999999999999,0.114,0.262,0.348,0.287,0.265,0.218,78,333,79.5,12.0,107,647,705
159,Erik Gonzalez,115,4,18,11,1,0.026000000000000002,0.322,0.272,76,0.0,0.3,456,0.255,0.16399999999999998,0.34299999999999997,0.418,0.294,0.28600000000000003,0.242,28,110,81.3,9.3,89,248,204
160,Eugenio Suarez,632,26,87,82,4,0.133,0.233,0.36700000000000005,117,-1.3,4.1,2688,0.26,0.2,0.309,0.461,0.36200000000000004,0.35,0.254,139,534,79.8,15.5,278,1134,1544
161,Evan Gattis,325,12,41,55,0,0.055,0.154,0.311,105,-3.1,0.9,1118,0.263,0.193,0.278,0.457,0.33,0.335,0.275,79,300,83.6,20.8,121,550,564
162,Evan Longoria,677,20,71,86,6,0.068,0.161,0.313,96,1.6,2.5,2504,0.261,0.163,0.282,0.424,0.32,0.309,0.244,160,613,82.1,17.5,259,1241,1245
163,Ezequiel Carrera,325,8,38,20,10,0.092,0.231,0.35600000000000004,107,2.8,0.7,1329,0.282,0.125,0.358,0.408,0.335,0.284,0.22,81,287,78.2,5.9,119,509,800
164,Franchy Cordero,99,3,15,9,1,0.061,0.444,0.276,83,1.4,0.4,403,0.228,0.196,0.4,0.424,0.298,0.271,0.19699999999999998,21,92,81.9,14.0,89,209,194
165,Francisco Cervelli,304,5,31,31,0,0.105,0.214,0.342,93,-1.1,0.9,1212,0.249,0.121,0.311,0.37,0.321,0.317,0.24100000000000002,66,265,81.6,9.1,119,499,706
166,Francisco Lindor,723,33,99,89,15,0.083,0.129,0.337,118,4.7,5.9,2748,0.273,0.23199999999999998,0.275,0.505,0.359,0.35,0.26899999999999996,178,651,83.3,17.4,198,1287,1430
167,Freddie Freeman,514,28,84,71,8,0.126,0.185,0.40299999999999997,152,0.7,4.5,1982,0.307,0.28,0.335,0.586,0.42100000000000004,0.40299999999999997,0.28300000000000003,135,440,84.3,19.6,254,1020,902
168,Freddy Galvis,663,12,71,61,14,0.068,0.16699999999999998,0.309,80,0.9,1.6,2649,0.255,0.127,0.292,0.382,0.304,0.28600000000000003,0.23600000000000002,155,608,81.0,18.6,228,1278,1345
169,Gary Sanchez,525,33,79,90,2,0.076,0.22899999999999998,0.345,130,-1.4,4.4,2035,0.278,0.253,0.304,0.531,0.374,0.379,0.285,131,471,83.3,17.2,276,972,1049
170,Gavin Cecchini,82,1,4,7,0,0.049,0.23199999999999998,0.256,40,-0.7,-0.4,298,0.20800000000000002,0.065,0.263,0.273,0.24,0.228,0.192,16,77,77.8,17.3,36,158,135
171,George Springer,629,34,112,85,5,0.102,0.17600000000000002,0.36700000000000005,140,-2.2,4.5,2554,0.28300000000000003,0.239,0.297,0.522,0.381,0.374,0.27699999999999997,155,548,81.7,14.2,266,1141,1398
172,Gerardo Parra,425,10,56,71,2,0.047,0.158,0.341,90,-4.3,0.8,1536,0.309,0.14300000000000002,0.34299999999999997,0.452,0.34299999999999997,0.311,0.267,121,392,80.9,11.7,154,785,733
173,Giancarlo Stanton,692,59,123,132,2,0.12300000000000001,0.23600000000000002,0.376,156,-2.4,6.9,2785,0.281,0.35,0.28800000000000003,0.631,0.42200000000000004,0.39799999999999996,0.266,168,597,85.6,16.8,373,1174,1553
174,Giovanny Urshela,165,1,14,15,0,0.048,0.133,0.262,43,-2.1,-0.5,592,0.22399999999999998,0.064,0.256,0.28800000000000003,0.24600000000000002,0.281,0.249,35,156,80.2,12.9,53,319,272
175,Gorkys Hernandez,348,0,40,22,12,0.08900000000000001,0.21,0.327,77,3.6,0.4,1428,0.255,0.071,0.331,0.326,0.295,0.27699999999999997,0.222,79,310,78.8,11.5,168,654,737
176,Greg Garcia,290,2,27,20,2,0.128,0.221,0.365,94,1.2,0.7,725,0.19,0.231,0.19399999999999998,0.42200000000000004,0.307,0.324,0.20600000000000002,28,147,84.6,24.6,95,311,412
177,Gregor Blanco,256,3,43,13,15,0.121,0.23,0.337,82,4.8,0.5,1210,0.253,0.079,0.335,0.332,0.316,0.311,0.242,61,241,76.6,11.1,96,474,721
178,Gregory Bird,170,9,20,28,0,0.11199999999999999,0.247,0.28800000000000003,86,-2.2,-0.4,1105,0.24600000000000002,0.11199999999999999,0.321,0.35700000000000004,0.313,0.28300000000000003,0.209,55,224,80.0,17.9,96,439,662
179,Gregory Polanco,411,11,39,35,8,0.066,0.146,0.305,81,3.0,0.5,1555,0.251,0.14,0.272,0.391,0.306,0.299,0.248,95,379,81.1,16.2,148,769,767
180,Guillermo Heredia,426,6,43,24,1,0.063,0.15,0.315,80,-1.3,0.0,1593,0.249,0.08800000000000001,0.284,0.337,0.294,0.273,0.22399999999999998,96,386,79.3,14.4,103,692,864
181,Hanley Ramirez,553,23,58,62,1,0.092,0.21,0.32,93,-5.3,-0.4,2113,0.242,0.188,0.272,0.429,0.32799999999999996,0.35100000000000003,0.262,120,496,82.6,18.5,256,1001,1077
182,Harrison Bader,92,3,10,10,2,0.054000000000000006,0.261,0.28300000000000003,70,1.6,0.1,369,0.235,0.141,0.28800000000000003,0.376,0.289,0.287,0.226,20,85,79.6,13.1,51,176,189
183,Hector Sanchez,143,8,14,25,0,0.035,0.287,0.245,70,-0.8,-0.1,564,0.21899999999999997,0.204,0.247,0.423,0.285,0.267,0.21,30,137,82.3,21.7,86,293,267
184,Hernan Perez,458,14,47,51,13,0.044000000000000004,0.172,0.289,78,2.3,0.6,1568,0.259,0.155,0.28600000000000003,0.414,0.303,0.278,0.24100000000000002,112,432,79.7,13.3,189,816,742
185,Howie Kendrick,334,9,40,41,12,0.066,0.204,0.368,121,-1.0,1.6,1310,0.315,0.161,0.37799999999999995,0.475,0.368,0.33399999999999996,0.27,96,305,82.7,7.7,135,626,676
186,Hunter Pence,539,13,55,67,2,0.07400000000000001,0.18899999999999997,0.315,87,2.7,0.7,2140,0.26,0.126,0.301,0.385,0.31,0.302,0.233,128,493,84.3,11.4,258,958,1176
187,Hunter Renfroe,479,26,51,58,3,0.055999999999999994,0.292,0.284,96,0.7,0.3,1857,0.231,0.23600000000000002,0.275,0.467,0.321,0.301,0.22,103,445,82.9,19.6,295,892,958
188,Hyun Soo Kim,239,1,20,14,0,0.092,0.192,0.307,61,0.3,-1.1,987,0.231,0.061,0.287,0.292,0.27399999999999997,0.321,0.262,49,212,82.0,14.4,77,414,567
189,Ian Desmond,373,7,47,40,15,0.064,0.233,0.326,69,0.7,-0.8,1375,0.27399999999999997,0.1,0.345,0.375,0.31,0.256,0.213,93,339,83.1,6.4,180,654,715
190,Ian Happ,413,24,62,68,8,0.094,0.312,0.32799999999999996,113,-2.6,1.8,1631,0.253,0.261,0.316,0.514,0.35700000000000004,0.32799999999999996,0.23399999999999999,92,364,81.1,18.4,274,797,815
191,Ian Kinsler,613,22,90,52,14,0.09,0.14,0.313,91,1.5,2.4,2422,0.23600000000000002,0.17600000000000002,0.244,0.41200000000000003,0.319,0.326,0.248,130,551,82.4,22.2,166,1071,1336
192,Ichiro Suzuki,215,3,19,20,1,0.079,0.163,0.318,75,0.1,-0.2,870,0.255,0.077,0.297,0.332,0.293,0.252,0.212,50,196,75.4,9.7,70,392,467
193,J.D. Martinez,489,45,85,104,4,0.10800000000000001,0.262,0.376,166,-5.7,3.8,1939,0.303,0.387,0.327,0.69,0.441,0.423,0.28800000000000003,131,432,83.8,16.0,307,983,928
194,J.J. Hardy,268,4,24,24,0,0.045,0.179,0.255,50,-2.3,-0.6,1035,0.217,0.106,0.252,0.32299999999999995,0.255,0.268,0.22899999999999998,55,254,83.0,14.8,75,409,625
195,J.T. Realmuto,579,17,68,65,8,0.062,0.183,0.332,105,1.5,3.6,2180,0.278,0.17300000000000001,0.318,0.451,0.34,0.326,0.263,148,532,83.0,15.2,201,1047,1114
196,J.T. Riddle,247,3,20,31,0,0.049,0.20199999999999999,0.282,64,-1.2,0.0,906,0.25,0.105,0.3,0.355,0.276,0.268,0.226,57,228,80.8,11.4,106,464,426
197,JaCoby Jones,154,3,14,13,6,0.057999999999999996,0.42200000000000004,0.24,34,-0.1,-0.7,593,0.17,0.099,0.28800000000000003,0.27,0.23199999999999998,0.23,0.16399999999999998,24,141,78.5,15.3,113,285,301
198,Jabari Blash,195,5,24,16,1,0.14400000000000002,0.33799999999999997,0.33299999999999996,88,-0.5,-0.1,808,0.213,0.128,0.319,0.341,0.308,0.33,0.21899999999999997,35,164,82.4,18.3,147,362,444
199,Jace Peterson,215,2,15,17,3,0.126,0.223,0.318,69,1.5,-0.4,882,0.215,0.102,0.27899999999999997,0.317,0.29,0.31,0.228,40,186,82.2,8.2,92,336,529
200,Jackie Bradley Jr.,541,17,58,63,8,0.08900000000000001,0.22899999999999998,0.32299999999999995,90,5.1,2.3,2049,0.245,0.158,0.294,0.402,0.321,0.315,0.233,118,482,83.3,15.4,283,957,1067
201,Jacoby Ellsbury,409,7,65,39,22,0.1,0.154,0.348,101,4.7,1.6,1573,0.264,0.138,0.304,0.402,0.32799999999999996,0.312,0.253,94,356,80.9,12.5,122,670,883
202,Jake Lamb,635,30,89,105,6,0.13699999999999998,0.239,0.35700000000000004,111,0.8,2.5,2604,0.248,0.239,0.287,0.48700000000000004,0.365,0.35200000000000004,0.244,133,536,82.4,16.5,243,1018,1532
203,Jake Marisnick,259,16,50,35,9,0.077,0.34700000000000003,0.319,117,3.0,1.4,1073,0.243,0.252,0.32,0.496,0.34600000000000003,0.292,0.193,56,230,80.5,21.5,196,531,522
204,James McCann,391,13,39,49,1,0.066,0.228,0.318,94,-1.8,1.5,1466,0.253,0.162,0.3,0.415,0.32,0.33799999999999997,0.264,89,352,81.9,19.7,177,737,719
205,Jarrett Parker,177,4,14,23,2,0.055999999999999994,0.305,0.294,84,0.7,0.3,740,0.247,0.16899999999999998,0.34299999999999997,0.41600000000000004,0.308,0.29,0.222,41,166,79.0,10.7,96,332,404
206,Jarrod Dyson,390,5,56,30,28,0.07200000000000001,0.141,0.324,85,5.6,2.1,1415,0.251,0.098,0.285,0.35,0.3,0.27699999999999997,0.22699999999999998,87,346,76.7,13.2,85,609,775
207,Jason Castro,407,10,49,47,0,0.111,0.265,0.33299999999999996,93,-2.3,1.6,1649,0.242,0.146,0.318,0.38799999999999996,0.32,0.322,0.23800000000000002,86,356,81.1,16.3,225,733,905
208,Jason Heyward,481,11,59,59,4,0.085,0.139,0.326,88,-0.8,0.9,1733,0.259,0.13,0.284,0.389,0.315,0.315,0.257,112,432,81.7,16.1,132,803,922
209,Jason Kipnis,373,12,43,35,6,0.075,0.19,0.29100000000000004,82,3.5,0.7,1448,0.23199999999999998,0.182,0.256,0.414,0.303,0.3,0.22699999999999998,78,336,81.6,20.1,141,662,776
210,Javier Baez,508,23,75,75,10,0.059000000000000004,0.28300000000000003,0.317,98,3.8,2.2,1899,0.273,0.207,0.345,0.48,0.33899999999999997,0.29,0.22399999999999998,128,469,82.9,15.2,378,1037,799
211,Jay Bruce,617,36,82,101,1,0.092,0.225,0.324,118,-2.1,2.7,2432,0.254,0.254,0.27399999999999997,0.508,0.35600000000000004,0.35100000000000003,0.258,141,555,82.4,19.2,334,1210,1220
212,Jaycob Brugman,162,3,12,12,1,0.111,0.235,0.34600000000000003,90,-0.2,-0.4,662,0.266,0.077,0.34,0.34299999999999997,0.314,0.285,0.228,38,143,79.3,10.9,65,282,373
213,Jayson Werth,289,10,35,29,4,0.121,0.239,0.322,88,1.0,-0.3,1306,0.226,0.16699999999999998,0.27,0.39299999999999996,0.317,0.32799999999999996,0.23399999999999999,57,252,82.4,19.4,110,502,796
214,Jean Segura,566,11,80,45,22,0.06,0.147,0.349,111,-0.5,2.9,2195,0.3,0.128,0.33899999999999997,0.42700000000000005,0.342,0.309,0.261,157,524,81.1,13.2,171,1076,1100
215,Jed Lowrie,645,14,86,69,0,0.113,0.155,0.36,119,-1.0,3.5,2592,0.27699999999999997,0.171,0.314,0.44799999999999995,0.354,0.365,0.287,157,567,82.0,21.5,233,1242,1337
216,Jedd Gyorko,481,20,52,67,6,0.098,0.218,0.341,112,-2.5,2.5,1908,0.272,0.2,0.312,0.47200000000000003,0.35100000000000003,0.32299999999999995,0.237,116,426,82.1,19.0,234,916,989
217,Jeff Mathis,203,2,13,11,1,0.069,0.3,0.27699999999999997,51,-0.4,-0.2,752,0.215,0.10800000000000001,0.309,0.32299999999999995,0.267,0.254,0.203,40,186,79.6,18.0,129,386,355
218,Jefry Marte,145,4,10,14,1,0.09,0.23399999999999999,0.26899999999999996,59,-0.6,-0.6,543,0.17300000000000001,0.134,0.2,0.307,0.261,0.273,0.196,22,127,82.5,12.2,69,238,301
219,Jeimer Candelario,142,3,18,16,0,0.092,0.21100000000000002,0.359,111,-0.7,0.4,529,0.28300000000000003,0.142,0.35100000000000003,0.425,0.348,0.316,0.243,36,127,83.8,17.0,68,238,289
220,Jesse Winker,137,7,21,15,1,0.109,0.175,0.375,135,-0.5,0.6,499,0.298,0.231,0.322,0.529,0.387,0.35,0.278,36,121,83.1,8.9,38,213,286
221,Jesus Aguilar,311,16,40,52,0,0.08,0.302,0.331,112,-0.4,0.9,1320,0.265,0.24,0.337,0.505,0.35700000000000004,0.336,0.245,74,279,83.4,15.3,204,613,702
222,Jesus Sucre,192,7,20,29,2,0.036000000000000004,0.182,0.289,85,-0.6,0.8,720,0.256,0.153,0.275,0.409,0.298,0.306,0.258,45,176,81.4,17.7,83,343,372
223,Jett Bandy,188,6,14,18,1,0.08,0.271,0.287,66,-0.2,-0.2,731,0.207,0.142,0.259,0.349,0.285,0.27899999999999997,0.214,35,169,80.2,19.6,98,375,351
224,Jim Adduci,93,1,14,10,1,0.10800000000000001,0.29,0.32299999999999995,91,0.3,0.2,387,0.24100000000000002,0.157,0.345,0.39799999999999996,0.318,0.311,0.245,20,83,82.3,13.5,49,195,192
225,Joc Pederson,323,11,44,35,4,0.121,0.21100000000000002,0.331,100,0.6,0.6,1363,0.212,0.19399999999999998,0.24100000000000002,0.40700000000000003,0.327,0.33899999999999997,0.233,58,273,83.4,18.3,141,586,758
226,Joe Mauer,597,7,69,71,2,0.111,0.139,0.384,116,-6.2,2.3,2613,0.305,0.11199999999999999,0.349,0.41700000000000004,0.35700000000000004,0.373,0.306,160,525,85.0,11.3,122,948,1646
227,Joe Panik,573,10,60,53,4,0.08,0.094,0.34700000000000003,104,-2.1,2.0,2196,0.28800000000000003,0.133,0.301,0.42100000000000004,0.336,0.312,0.257,147,511,81.0,15.3,105,944,1231
228,Joey Gallo,532,41,85,80,7,0.141,0.368,0.33299999999999996,123,4.6,2.9,2246,0.209,0.327,0.25,0.537,0.369,0.374,0.218,94,449,85.0,24.4,458,1056,1177
229,Joey Rickard,277,4,29,19,8,0.032,0.22699999999999998,0.276,63,2.5,0.3,1084,0.24100000000000002,0.10300000000000001,0.303,0.345,0.272,0.253,0.222,63,261,78.8,20.1,120,499,575
230,Joey Votto,707,36,106,100,5,0.19,0.11699999999999999,0.45399999999999996,165,-9.6,6.6,2808,0.32,0.258,0.321,0.578,0.442,0.424,0.298,179,559,81.8,17.7,176,1144,1577
231,Johan Camargo,256,4,30,27,0,0.047,0.19899999999999998,0.331,102,0.5,1.2,961,0.299,0.154,0.364,0.452,0.337,0.297,0.261,72,241,82.7,14.1,112,480,472
232,John Hicks,190,6,25,22,2,0.068,0.268,0.326,102,0.0,0.3,727,0.266,0.17300000000000001,0.342,0.439,0.33399999999999996,0.326,0.257,46,173,79.1,14.6,144,420,300
233,John Jaso,302,10,28,35,1,0.132,0.21899999999999997,0.32799999999999996,94,1.8,0.3,1306,0.21100000000000002,0.191,0.243,0.402,0.324,0.336,0.23,54,256,80.7,21.1,149,590,702
234,Jon Jay,433,2,65,34,6,0.085,0.185,0.374,101,2.8,1.6,1714,0.29600000000000004,0.079,0.368,0.375,0.336,0.324,0.276,112,379,79.2,12.6,181,878,809
235,Jonathan Lucroy,481,6,45,40,1,0.096,0.106,0.345,82,-2.8,1.2,1892,0.265,0.106,0.28600000000000003,0.371,0.322,0.32299999999999995,0.265,112,423,81.4,15.1,83,778,1080
236,Jonathan Schoop,675,32,92,105,1,0.052000000000000005,0.21,0.33799999999999997,121,-2.1,4.1,2544,0.293,0.21100000000000002,0.33,0.503,0.361,0.325,0.264,182,622,82.0,17.4,374,1333,1200
237,Jonathan Villar,436,11,49,40,23,0.069,0.303,0.293,71,2.5,-0.5,1766,0.24100000000000002,0.132,0.33,0.37200000000000005,0.292,0.259,0.209,97,403,82.2,9.6,256,837,906
238,Jordan Luplow,87,3,6,11,0,0.069,0.253,0.276,72,-1.3,-0.4,313,0.205,0.179,0.24100000000000002,0.385,0.28800000000000003,0.275,0.205,16,78,80.9,18.8,41,151,160
239,Jordy Mercer,558,14,52,58,0,0.091,0.158,0.326,88,-0.9,1.4,2226,0.255,0.151,0.284,0.406,0.32299999999999995,0.307,0.249,128,502,81.6,15.1,143,915,1267
240,Jorge Alfaro,114,5,12,14,0,0.026000000000000002,0.289,0.36,127,-1.8,0.6,395,0.318,0.196,0.42,0.514,0.37799999999999995,0.322,0.249,34,107,82.2,12.5,90,242,145
241,Jorge Bonifacio,422,17,55,40,1,0.083,0.28,0.32,99,0.2,0.9,1683,0.255,0.177,0.324,0.43200000000000005,0.32899999999999996,0.324,0.24600000000000002,98,384,81.0,19.6,273,886,794
242,Jorge Polanco,544,13,60,74,13,0.075,0.14300000000000002,0.313,89,3.7,1.6,2069,0.256,0.154,0.278,0.41,0.312,0.282,0.23,125,488,80.2,18.4,131,890,1156
243,Jorge Soler,110,2,7,6,0,0.109,0.327,0.245,32,-0.9,-1.0,443,0.14400000000000002,0.113,0.203,0.258,0.233,0.264,0.177,14,97,82.4,17.8,62,177,261
244,Jose Abreu,675,33,95,102,3,0.052000000000000005,0.17600000000000002,0.354,138,-2.0,4.1,2583,0.304,0.248,0.33,0.552,0.386,0.364,0.287,189,621,85.8,16.0,278,1234,1311
245,Jose Altuve,662,24,112,81,32,0.08800000000000001,0.127,0.41,160,4.0,7.5,2320,0.34600000000000003,0.20199999999999999,0.37,0.547,0.413,0.349,0.27399999999999997,204,590,81.0,13.4,185,1099,1195
246,Jose Bautista,686,23,92,65,6,0.122,0.248,0.308,80,-4.9,-0.5,2986,0.203,0.16399999999999998,0.239,0.366,0.301,0.304,0.207,119,587,82.4,22.0,347,1220,1748
247,Jose Iglesias,489,6,56,54,7,0.043,0.133,0.28800000000000003,71,2.6,1.6,1819,0.255,0.114,0.285,0.369,0.287,0.266,0.24600000000000002,118,463,79.1,13.6,130,843,965
248,Jose Lobaton,158,4,11,11,0,0.08900000000000001,0.222,0.248,36,0.2,-0.6,631,0.17,0.106,0.19399999999999998,0.27699999999999997,0.23800000000000002,0.301,0.225,24,141,79.8,13.3,76,303,322
249,Jose Martinez,307,14,47,46,4,0.10400000000000001,0.195,0.379,135,0.2,1.6,1248,0.309,0.21,0.35,0.518,0.386,0.41100000000000003,0.322,84,272,84.5,13.0,107,515,726
250,Jose Osuna,227,7,31,30,0,0.04,0.17600000000000002,0.26899999999999996,78,-1.3,-0.5,841,0.233,0.195,0.254,0.428,0.298,0.29600000000000004,0.251,50,215,81.6,13.3,91,425,414
251,Jose Peraza,518,5,50,37,23,0.039,0.135,0.297,62,2.8,-0.2,1860,0.259,0.066,0.293,0.324,0.278,0.284,0.261,126,487,77.2,15.5,146,947,890
252,Jose Pirela,344,10,43,40,4,0.078,0.20600000000000002,0.34700000000000003,122,0.2,2.1,1306,0.28800000000000003,0.20199999999999999,0.34299999999999997,0.49,0.36,0.312,0.248,90,312,82.6,12.7,160,610,691
253,Jose Ramirez,645,29,107,83,17,0.081,0.107,0.374,148,-0.9,6.6,2593,0.318,0.265,0.319,0.583,0.406,0.355,0.292,186,585,83.2,18.5,152,1116,1457
254,Jose Reyes,561,15,75,58,24,0.08900000000000001,0.141,0.315,94,5.4,2.0,2078,0.24600000000000002,0.168,0.263,0.413,0.316,0.28800000000000003,0.233,123,501,79.3,19.5,166,933,1135
255,Josh Bell,620,26,75,90,2,0.106,0.18899999999999997,0.33399999999999996,108,-6.8,0.8,2567,0.255,0.21100000000000002,0.278,0.466,0.34600000000000003,0.332,0.255,140,549,82.3,14.2,261,1112,1437
256,Josh Donaldson,496,33,65,78,2,0.153,0.22399999999999998,0.385,149,2.4,5.0,2103,0.27,0.289,0.289,0.5589999999999999,0.40299999999999997,0.384,0.254,112,415,83.3,16.6,243,885,1211
257,Josh Harrison,542,16,66,47,12,0.052000000000000005,0.166,0.33899999999999997,104,2.2,2.6,2034,0.272,0.16,0.303,0.43200000000000005,0.337,0.31,0.248,132,486,80.3,20.6,234,1068,929
258,Josh Phegley,161,3,14,10,0,0.055999999999999994,0.161,0.255,56,-1.4,0.0,559,0.201,0.134,0.223,0.336,0.26,0.298,0.239,30,149,82.4,20.1,64,282,275
259,Josh Reddick,540,13,77,82,7,0.08,0.133,0.363,127,3.3,3.5,2041,0.314,0.17,0.33899999999999997,0.484,0.359,0.33,0.28,150,477,83.1,21.6,140,896,1137
260,Josh Rutledge,118,0,10,9,1,0.076,0.263,0.297,50,1.2,-0.4,459,0.22399999999999998,0.037000000000000005,0.316,0.262,0.26,0.258,0.21100000000000002,24,107,82.2,10.8,48,198,259
261,Juan Graterol,87,0,5,10,0,0.011000000000000001,0.149,0.207,16,-0.5,-0.4,277,0.20199999999999999,0.048,0.233,0.25,0.2,0.243,0.24600000000000002,17,84,78.4,7.9,37,162,115
262,Juan Lagares,272,3,37,15,7,0.051,0.20600000000000002,0.29600000000000004,77,2.7,1.5,1033,0.25,0.115,0.309,0.365,0.29,0.264,0.223,63,252,79.5,12.6,106,477,541
263,Justin Bour,429,25,52,83,1,0.11,0.221,0.366,133,-4.6,2.2,1770,0.289,0.247,0.322,0.536,0.386,0.374,0.27699999999999997,109,377,83.1,17.5,219,779,963
264,Justin Smoak,637,38,85,90,0,0.115,0.201,0.355,132,-3.2,3.4,2598,0.27,0.259,0.285,0.529,0.37799999999999995,0.38799999999999996,0.278,151,560,83.8,17.7,262,1114,1475
265,Justin Turner,543,21,72,71,7,0.109,0.10300000000000001,0.415,151,2.1,5.5,2047,0.322,0.20800000000000002,0.326,0.53,0.40700000000000003,0.397,0.29600000000000004,147,457,83.7,21.5,140,889,1122
266,Justin Upton,635,35,100,109,14,0.11699999999999999,0.28300000000000003,0.361,137,4.0,5.0,2704,0.273,0.268,0.341,0.54,0.385,0.353,0.244,152,557,82.3,20.9,365,1196,1496
267,Kaleb Cowart,117,3,18,11,4,0.085,0.239,0.313,89,0.8,0.5,447,0.225,0.157,0.282,0.382,0.304,0.306,0.233,23,102,77.1,9.8,63,209,228
268,Kelby Tomlinson,222,1,32,11,9,0.10400000000000001,0.207,0.332,76,1.9,0.3,853,0.258,0.057,0.327,0.314,0.293,0.266,0.221,50,194,76.8,11.4,65,373,465
269,Kendrys Morales,608,28,67,85,0,0.071,0.217,0.308,97,-9.3,-0.6,2338,0.25,0.196,0.278,0.445,0.326,0.358,0.275,139,557,85.4,15.4,335,1156,1171
270,Kennys Vargas,264,11,33,41,0,0.076,0.292,0.314,98,0.0,0.4,1125,0.253,0.191,0.325,0.444,0.32899999999999996,0.303,0.231,61,241,79.9,13.4,154,509,610
271,Keon Broxton,463,20,66,49,21,0.086,0.37799999999999995,0.299,84,1.6,0.7,1919,0.22,0.2,0.32299999999999995,0.42,0.313,0.294,0.205,91,414,79.8,14.2,361,878,1026
272,Ketel Marte,255,5,30,18,3,0.114,0.145,0.345,89,1.2,0.9,957,0.26,0.135,0.29,0.395,0.32899999999999996,0.342,0.27899999999999997,58,223,81.2,12.8,74,443,500
273,Kevan Smith,294,4,23,30,0,0.031,0.156,0.309,85,-2.6,0.2,1043,0.28300000000000003,0.105,0.32299999999999995,0.38799999999999996,0.303,0.289,0.263,78,276,79.6,11.4,120,567,465
274,Kevin Kiermaier,421,15,56,39,16,0.07400000000000001,0.235,0.33799999999999997,112,5.3,3.0,1674,0.276,0.174,0.337,0.45,0.341,0.27899999999999997,0.215,105,380,79.8,14.5,212,792,853
275,Kevin Pillar,632,16,72,42,15,0.052000000000000005,0.15,0.3,85,1.0,1.9,2220,0.256,0.14800000000000002,0.28,0.40399999999999997,0.306,0.302,0.258,150,587,80.1,15.9,190,1153,1056
276,Kevin Plawecki,118,3,11,13,1,0.11900000000000001,0.14400000000000002,0.364,106,0.6,0.6,485,0.26,0.14,0.284,0.4,0.342,0.35,0.26899999999999996,26,100,80.9,16.1,49,225,251
277,Khris Davis,652,43,91,110,4,0.11199999999999999,0.299,0.336,128,-1.3,2.3,2592,0.247,0.281,0.29,0.528,0.36700000000000005,0.38299999999999995,0.257,140,566,85.0,20.4,412,1222,1361
278,Kole Calhoun,654,19,77,71,5,0.109,0.205,0.33299999999999996,98,-0.5,2.2,2537,0.244,0.14800000000000002,0.284,0.392,0.322,0.32799999999999996,0.247,139,569,81.8,15.1,311,1204,1302
279,Kolten Wong,411,4,55,42,8,0.1,0.146,0.376,107,3.7,2.1,1537,0.285,0.127,0.331,0.41200000000000003,0.35,0.321,0.254,101,354,79.5,12.4,132,687,795
280,Kris Bryant,665,29,111,73,7,0.14300000000000002,0.192,0.409,146,4.8,6.7,2669,0.295,0.242,0.33399999999999996,0.537,0.40700000000000003,0.36700000000000005,0.247,162,549,81.3,18.3,290,1205,1432
281,Kurt Suzuki,309,19,38,50,0,0.055,0.126,0.35100000000000003,129,-0.9,2.7,1112,0.28300000000000003,0.254,0.268,0.536,0.37799999999999995,0.337,0.258,78,276,81.1,18.2,101,583,508
282,Kyle Schwarber,486,30,67,59,1,0.121,0.309,0.315,102,-0.4,1.5,2112,0.21100000000000002,0.256,0.244,0.467,0.33799999999999997,0.341,0.21899999999999997,89,422,83.8,23.9,279,937,1164
283,Kyle Seager,650,27,72,88,2,0.08900000000000001,0.16899999999999998,0.32299999999999995,106,-0.9,3.5,2583,0.249,0.201,0.262,0.45,0.335,0.344,0.255,144,578,83.3,20.7,230,1097,1457
284,Lane Adams,122,5,19,20,10,0.08199999999999999,0.303,0.33899999999999997,110,2.5,0.7,475,0.275,0.193,0.368,0.46799999999999997,0.34700000000000003,0.321,0.237,30,109,80.1,13.0,90,231,241
285,Leonys Martin,138,3,14,9,7,0.057999999999999996,0.239,0.23199999999999998,35,0.2,-0.4,525,0.172,0.109,0.207,0.281,0.231,0.258,0.2,22,128,78.3,14.1,71,262,252
286,Leury Garcia,326,9,41,33,8,0.04,0.212,0.316,97,-0.6,1.1,1111,0.27,0.153,0.321,0.423,0.319,0.287,0.24100000000000002,81,300,79.6,10.7,140,604,484
287,Logan Forsythe,439,6,56,36,3,0.157,0.248,0.35100000000000003,90,0.8,1.7,1925,0.22399999999999998,0.102,0.299,0.327,0.313,0.32899999999999996,0.228,81,361,84.0,15.9,144,623,1294
288,Logan Morrison,601,38,75,85,2,0.135,0.248,0.353,130,0.0,3.3,2385,0.24600000000000002,0.27,0.268,0.516,0.37200000000000005,0.36700000000000005,0.248,126,512,81.6,18.7,312,1084,1267
289,Lonnie Chisenhall,270,12,34,53,2,0.09300000000000001,0.204,0.36,129,0.0,1.4,1079,0.28800000000000003,0.233,0.326,0.521,0.373,0.33,0.242,68,236,80.9,20.4,125,539,524
290,Lorenzo Cain,645,15,86,49,26,0.084,0.155,0.363,115,3.5,4.1,2519,0.3,0.14,0.34,0.44,0.354,0.33299999999999996,0.27899999999999997,175,584,81.6,13.3,245,1240,1268
291,Lucas Duda,491,30,50,64,0,0.122,0.275,0.322,113,-3.9,1.1,2041,0.217,0.27899999999999997,0.23800000000000002,0.496,0.35,0.353,0.23800000000000002,92,423,84.0,21.7,217,813,1204
292,Luis Torrens,139,0,7,7,0,0.086,0.21600000000000003,0.243,18,0.1,-0.8,547,0.163,0.040999999999999995,0.215,0.203,0.20800000000000002,0.267,0.217,20,123,79.5,9.5,68,261,271
293,Luis Valbuena,401,22,42,65,0,0.12,0.264,0.294,94,-2.4,0.8,1706,0.19899999999999998,0.233,0.21,0.43200000000000005,0.314,0.312,0.203,69,347,82.6,22.5,215,750,948
294,Luke Maile,136,2,10,7,1,0.022000000000000002,0.257,0.17600000000000002,0,0.8,-0.6,506,0.146,0.085,0.18100000000000002,0.231,0.18100000000000002,0.20199999999999999,0.165,19,130,77.5,14.7,55,243,260
295,Luke Voit,124,4,18,18,0,0.055999999999999994,0.25,0.306,94,0.6,0.3,466,0.24600000000000002,0.184,0.304,0.43,0.321,0.33399999999999996,0.25,28,114,82.9,17.0,69,242,221
296,Maikel Franco,623,24,66,76,0,0.066,0.152,0.281,76,-3.2,-0.5,2343,0.23,0.179,0.23399999999999999,0.409,0.299,0.302,0.243,132,575,83.5,14.8,262,1174,1157
297,Mallex Smith,282,2,33,12,16,0.08199999999999999,0.22,0.32899999999999996,88,3.1,0.8,1080,0.27,0.086,0.34700000000000003,0.355,0.305,0.239,0.19899999999999998,69,256,74.0,9.3,152,501,543
298,Manny Machado,690,33,81,95,9,0.07200000000000001,0.16699999999999998,0.31,102,-5.0,2.8,2560,0.259,0.213,0.265,0.47100000000000003,0.335,0.35700000000000004,0.27399999999999997,163,630,84.9,18.4,273,1245,1298
299,Manny Pina,359,9,45,43,2,0.055999999999999994,0.22,0.327,94,-1.4,2.0,1425,0.27899999999999997,0.145,0.33899999999999997,0.424,0.327,0.299,0.24600000000000002,92,330,82.2,21.1,169,719,701
300,Manuel Margot,529,13,53,39,17,0.066,0.2,0.313,92,1.0,1.9,2026,0.263,0.146,0.309,0.409,0.315,0.287,0.24100000000000002,128,487,79.5,15.7,198,923,1097
301,Marcell Ozuna,679,37,93,124,1,0.094,0.212,0.376,142,-5.3,4.8,2576,0.312,0.237,0.355,0.5479999999999999,0.397,0.36,0.273,191,613,82.9,13.1,341,1269,1290
302,Marcus Semien,386,10,53,40,12,0.098,0.22,0.325,96,4.6,1.7,1592,0.249,0.149,0.3,0.39799999999999996,0.318,0.305,0.23,85,342,81.4,20.5,181,712,875
303,Mark Canha,187,5,16,14,2,0.037000000000000005,0.299,0.262,70,-0.4,-0.7,822,0.20800000000000002,0.17300000000000001,0.27399999999999997,0.382,0.27899999999999997,0.272,0.20800000000000002,36,173,81.5,21.3,106,410,405
304,Mark Reynolds,593,30,82,97,2,0.11599999999999999,0.295,0.35200000000000004,104,-2.7,0.8,2470,0.267,0.21899999999999997,0.34299999999999997,0.48700000000000004,0.363,0.321,0.226,139,520,81.1,18.1,377,1100,1368
305,Mark Trumbo,603,23,79,65,1,0.07,0.247,0.289,80,-0.9,-1.2,2309,0.23399999999999999,0.163,0.278,0.397,0.3,0.29100000000000004,0.22699999999999998,131,559,83.5,18.3,342,1145,1163
306,Martin Maldonado,471,14,43,38,0,0.032,0.253,0.276,73,-2.7,1.1,1781,0.221,0.147,0.273,0.368,0.27899999999999997,0.275,0.215,95,429,78.9,15.5,235,871,878
307,Martin Prado,147,2,13,12,0,0.040999999999999995,0.15,0.27899999999999997,67,-1.3,-0.1,625,0.25,0.107,0.282,0.35700000000000004,0.27899999999999997,0.273,0.245,35,140,82.1,12.3,33,233,391
308,Marwin Gonzalez,515,23,67,90,8,0.095,0.192,0.377,144,0.7,4.1,2128,0.303,0.226,0.34299999999999997,0.529,0.387,0.32,0.244,138,456,82.6,13.2,182,891,1211
309,Matt Adams,367,20,46,65,0,0.063,0.24,0.319,112,0.7,1.6,1451,0.27399999999999997,0.248,0.311,0.522,0.35700000000000004,0.34,0.265,93,339,83.2,21.5,224,774,660
310,Matt Carpenter,622,23,91,69,2,0.175,0.201,0.384,123,0.4,2.9,2772,0.24100000000000002,0.209,0.27399999999999997,0.451,0.36700000000000005,0.376,0.249,120,497,83.5,24.1,186,943,1800
311,Matt Chapman,326,14,39,40,0,0.098,0.282,0.313,108,2.0,2.7,1344,0.23399999999999999,0.23800000000000002,0.29,0.47200000000000003,0.337,0.314,0.21600000000000003,68,290,83.5,25.0,174,574,766
312,Matt Davidson,443,26,43,68,0,0.043,0.37200000000000005,0.26,83,-4.1,-0.9,1855,0.22,0.23199999999999998,0.285,0.452,0.302,0.298,0.212,91,414,82.7,22.6,326,898,952
313,Matt Holliday,427,19,50,64,1,0.10800000000000001,0.267,0.316,98,-3.2,-0.1,1733,0.231,0.201,0.273,0.43200000000000005,0.325,0.33299999999999996,0.233,86,373,82.5,16.3,222,769,961
314,Matt Joyce,544,25,78,68,4,0.121,0.20800000000000002,0.335,116,1.7,2.4,2266,0.243,0.23,0.263,0.473,0.348,0.35,0.247,114,469,82.7,17.6,239,957,1302
315,Matt Kemp,467,19,47,64,0,0.057999999999999996,0.212,0.318,100,-6.5,-0.5,1695,0.276,0.187,0.318,0.46299999999999997,0.337,0.35,0.285,121,438,83.1,12.3,274,919,757
316,Matt Olson,216,24,33,45,0,0.102,0.278,0.35200000000000004,162,-1.8,2.0,918,0.259,0.392,0.23800000000000002,0.6509999999999999,0.41700000000000004,0.38,0.251,49,189,85.4,21.5,131,410,498
317,Matt Reynolds,130,1,12,5,0,0.10800000000000001,0.285,0.326,74,-1.2,-0.2,539,0.23,0.071,0.33299999999999996,0.301,0.28800000000000003,0.255,0.18600000000000003,26,113,81.7,13.9,61,215,318
318,Matt Szczur,237,3,28,18,0,0.14300000000000002,0.18600000000000003,0.35,96,0.5,0.4,933,0.226,0.128,0.275,0.354,0.317,0.284,0.18899999999999997,44,195,77.7,21.8,84,404,517
319,Matt Wieters,465,10,43,52,1,0.08199999999999999,0.20199999999999999,0.28800000000000003,62,-3.5,-0.2,1790,0.225,0.11800000000000001,0.264,0.344,0.281,0.293,0.233,95,422,80.0,17.2,181,870,901
320,Max Kepler,568,19,67,69,6,0.083,0.201,0.312,92,3.1,1.2,2132,0.243,0.182,0.276,0.425,0.321,0.298,0.23600000000000002,124,511,82.2,16.1,205,915,1200
321,Max Moroff,140,3,19,21,0,0.114,0.307,0.302,70,0.3,0.5,612,0.2,0.125,0.28,0.325,0.28300000000000003,0.282,0.198,24,120,79.8,20.1,85,261,349
322,Melky Cabrera,666,17,78,85,1,0.054000000000000006,0.111,0.324,98,-3.8,0.0,2425,0.285,0.13699999999999998,0.299,0.423,0.325,0.336,0.298,177,620,83.4,14.8,150,1116,1300
323,Michael Brantley,375,9,47,52,11,0.083,0.133,0.35700000000000004,111,4.1,1.6,1403,0.299,0.145,0.325,0.444,0.35100000000000003,0.344,0.28800000000000003,101,338,83.8,13.4,79,613,775
324,Michael Conforto,440,27,72,68,2,0.13,0.257,0.384,146,2.9,4.4,1846,0.27899999999999997,0.276,0.32799999999999996,0.555,0.401,0.376,0.254,104,373,83.8,17.5,228,783,1037
325,Michael Saunders,234,6,26,21,0,0.064,0.235,0.256,53,2.2,-0.7,991,0.20199999999999999,0.142,0.242,0.344,0.265,0.27399999999999997,0.218,44,218,80.4,16.9,112,470,512
326,Michael Taylor,432,19,55,53,17,0.067,0.317,0.32,105,3.0,3.1,1642,0.271,0.21600000000000003,0.363,0.486,0.345,0.294,0.222,108,399,81.4,15.7,268,801,821
327,Miguel Cabrera,529,16,50,60,0,0.102,0.20800000000000002,0.32899999999999996,91,-8.1,-0.2,2067,0.249,0.149,0.292,0.39899999999999997,0.322,0.382,0.29,117,469,84.5,17.5,237,1028,1014
328,Miguel Montero,213,6,24,16,1,0.10800000000000001,0.221,0.31,74,-1.2,-0.4,862,0.21600000000000003,0.13,0.254,0.34600000000000003,0.295,0.28,0.187,40,185,81.7,22.0,90,401,454
329,Miguel Rojas,306,1,37,26,2,0.08800000000000001,0.105,0.361,96,-0.1,1.4,1141,0.29,0.085,0.324,0.375,0.33,0.313,0.27399999999999997,79,272,77.6,12.6,74,543,567
330,Miguel Sano,483,28,75,77,0,0.11199999999999999,0.358,0.35200000000000004,124,-4.2,2.3,1993,0.264,0.243,0.375,0.507,0.37,0.348,0.235,112,424,85.4,17.4,379,959,1011
331,Mike Aviles,97,1,5,8,0,0.062,0.155,0.298,55,-1.8,-0.3,360,0.233,0.057999999999999996,0.271,0.29100000000000004,0.262,0.251,0.22,20,86,76.2,18.5,23,164,183
332,Mike Moustakas,598,38,75,85,0,0.057,0.157,0.314,114,-5.4,2.2,2266,0.272,0.249,0.263,0.521,0.355,0.33899999999999997,0.266,151,555,81.8,24.0,261,1246,988
333,Mike Napoli,485,29,60,66,1,0.10099999999999999,0.336,0.285,81,-2.1,-0.5,2144,0.193,0.235,0.225,0.428,0.308,0.311,0.19899999999999998,82,425,83.3,26.4,318,921,1204
334,Mike Trout,507,33,92,72,22,0.185,0.17800000000000002,0.442,181,4.0,6.9,2171,0.306,0.32299999999999995,0.318,0.629,0.451,0.423,0.28,123,402,82.2,20.8,146,801,1319
335,Mike Zunino,435,25,52,64,1,0.09,0.368,0.331,126,-1.7,3.6,1800,0.251,0.258,0.355,0.509,0.36,0.32299999999999995,0.21600000000000003,97,387,82.5,23.0,341,891,901
336,Mikie Mahtook,379,12,50,38,6,0.061,0.20800000000000002,0.33,107,3.2,1.6,1561,0.276,0.18100000000000002,0.324,0.457,0.341,0.316,0.252,96,348,82.3,15.5,140,674,881
337,Mitch Haniger,410,16,58,47,5,0.076,0.22699999999999998,0.35200000000000004,129,-2.1,2.5,1599,0.282,0.209,0.33799999999999997,0.491,0.364,0.325,0.24600000000000002,104,369,82.3,15.7,153,671,917
338,Mitch Moreland,576,22,73,79,0,0.099,0.20800000000000002,0.326,98,-2.4,0.9,2291,0.24600000000000002,0.19699999999999998,0.278,0.44299999999999995,0.335,0.371,0.27,125,508,84.2,17.6,271,1051,1206
339,Mookie Betts,712,24,101,102,26,0.10800000000000001,0.111,0.344,108,9.2,5.3,2840,0.264,0.19399999999999998,0.268,0.45899999999999996,0.349,0.34,0.265,166,628,83.6,17.0,158,1007,1794
340,Neil Walker,448,14,59,49,0,0.12300000000000001,0.172,0.36200000000000004,114,-0.6,2.1,1716,0.265,0.174,0.297,0.439,0.353,0.341,0.256,102,385,81.6,18.2,147,714,989
341,Nelson Cruz,645,39,91,119,1,0.109,0.217,0.375,146,-4.0,3.8,2502,0.28800000000000003,0.261,0.315,0.5489999999999999,0.39399999999999996,0.402,0.282,160,556,85.0,15.3,356,1167,1295
342,Nick Ahmed,178,6,24,21,3,0.055999999999999994,0.21899999999999997,0.298,76,-0.7,0.2,2605,0.272,0.218,0.313,0.49,0.34700000000000003,0.366,0.28300000000000003,167,614,83.0,16.4,358,1333,1266
343,Nick Castellanos,665,26,73,101,4,0.062,0.214,0.32,111,-2.1,1.7,637,0.251,0.168,0.295,0.419,0.312,0.267,0.22399999999999998,42,167,80.0,14.7,93,326,297
344,Nick Delmonico,166,9,25,23,2,0.139,0.187,0.373,132,-0.5,1.0,476,0.179,0.10400000000000001,0.207,0.28300000000000003,0.253,0.312,0.248,19,106,79.1,11.7,46,197,273
345,Nick Franklin,119,2,9,12,2,0.084,0.185,0.26899999999999996,48,0.9,-0.2,1140,0.244,0.174,0.307,0.418,0.295,0.289,0.237,70,287,81.3,16.5,163,598,535
346,Nick Hundley,303,9,27,35,0,0.04,0.267,0.272,78,-0.8,0.4,2746,0.275,0.11,0.324,0.384,0.331,0.32799999999999996,0.26899999999999996,163,593,83.5,15.4,172,1105,1606
347,Nick Markakis,670,8,76,76,0,0.10099999999999999,0.16399999999999998,0.354,95,-1.1,0.9,1217,0.28800000000000003,0.185,0.375,0.473,0.35,0.314,0.251,90,313,80.9,12.9,248,719,492
348,Nick Williams,343,12,45,55,1,0.057999999999999996,0.28300000000000003,0.33799999999999997,110,-2.2,0.8,679,0.262,0.22,0.27699999999999997,0.48200000000000004,0.374,0.325,0.228,37,141,77.3,15.2,78,312,365
349,Nolan Arenado,680,37,100,130,3,0.091,0.156,0.373,129,0.5,5.6,2659,0.309,0.27699999999999997,0.32,0.586,0.405,0.363,0.27399999999999997,187,606,83.6,21.0,295,1266,1356
350,Nomar Mazara,616,20,64,101,2,0.08900000000000001,0.20600000000000002,0.32299999999999995,92,-2.2,0.4,2466,0.253,0.17,0.293,0.42200000000000004,0.327,0.317,0.242,140,554,83.4,14.2,290,1127,1312
351,Nori Aoki,374,5,48,35,10,0.078,0.11800000000000001,0.335,97,-1.2,0.4,1464,0.27699999999999997,0.11599999999999999,0.301,0.39299999999999996,0.321,0.29100000000000004,0.251,93,336,82.5,11.1,97,671,783
352,Odubel Herrera,563,14,67,56,8,0.055,0.22399999999999998,0.325,100,1.3,2.8,2195,0.281,0.171,0.345,0.452,0.337,0.304,0.253,148,526,81.1,14.5,309,1157,1013
353,Omar Narvaez,295,2,23,14,0,0.129,0.153,0.373,100,-0.9,1.5,1204,0.27699999999999997,0.063,0.33,0.34,0.325,0.317,0.266,70,253,77.5,15.2,77,522,678
354,Orlando Arcia,548,15,56,53,14,0.066,0.182,0.324,85,0.5,1.2,2014,0.27699999999999997,0.13,0.317,0.40700000000000003,0.321,0.284,0.239,140,506,80.5,12.6,275,1068,901
355,Ozzie Albies,244,6,34,28,8,0.086,0.14800000000000002,0.354,112,2.7,1.9,912,0.28600000000000003,0.171,0.316,0.456,0.35200000000000004,0.33,0.26,62,217,82.0,19.2,107,469,434
356,Pablo Sandoval,279,9,27,32,0,0.057,0.19,0.265,64,-1.8,-0.8,1097,0.22,0.147,0.24,0.36700000000000005,0.276,0.293,0.23199999999999998,57,259,82.4,19.1,149,633,463
357,Pat Valaika,195,13,28,40,0,0.036000000000000004,0.272,0.284,92,2.3,0.6,686,0.257,0.273,0.29100000000000004,0.53,0.33299999999999996,0.255,0.21100000000000002,47,183,79.1,18.7,123,382,303
358,Patrick Kivlehan,204,9,23,26,1,0.10800000000000001,0.299,0.304,83,0.5,-0.2,800,0.20800000000000002,0.191,0.257,0.39899999999999997,0.31,0.284,0.19,37,178,79.2,13.8,124,369,427
359,Paul DeJong,443,25,55,65,1,0.047,0.28,0.325,122,-2.4,3.0,1761,0.285,0.247,0.349,0.532,0.365,0.32299999999999995,0.254,119,417,80.4,21.7,253,906,847
360,Paul Goldschmidt,665,36,117,120,18,0.141,0.221,0.40399999999999997,142,3.3,5.3,2816,0.297,0.265,0.34299999999999997,0.563,0.413,0.397,0.278,166,558,85.3,15.8,300,1130,1624
361,Paulo Orlando,90,2,9,6,1,0.011000000000000001,0.222,0.225,34,0.3,-0.4,296,0.198,0.105,0.23399999999999999,0.302,0.22899999999999998,0.292,0.255,17,86,82.8,15.7,52,173,119
362,Peter Bourjos,203,5,27,15,5,0.059000000000000004,0.261,0.272,74,0.8,0.1,814,0.223,0.16,0.282,0.38299999999999995,0.284,0.23600000000000002,0.19,42,188,80.3,12.7,114,392,414
363,Rafael Devers,240,10,34,30,3,0.075,0.23800000000000002,0.33799999999999997,111,0.1,0.9,901,0.284,0.198,0.342,0.48200000000000004,0.355,0.29600000000000004,0.223,63,222,82.5,16.0,120,452,437
364,Raimel Tapia,171,2,27,16,5,0.047,0.21100000000000002,0.32899999999999996,81,2.5,-0.1,617,0.28800000000000003,0.138,0.361,0.425,0.32899999999999996,0.272,0.242,46,160,75.4,15.1,78,354,252
365,Rajai Davis,366,5,56,20,29,0.07400000000000001,0.22699999999999998,0.293,72,3.9,0.0,1335,0.23399999999999999,0.113,0.297,0.34700000000000003,0.284,0.261,0.214,79,337,80.0,15.6,166,670,656
366,Randal Grichuk,442,22,53,59,6,0.059000000000000004,0.301,0.285,94,3.0,1.4,1704,0.23800000000000002,0.235,0.293,0.473,0.32299999999999995,0.321,0.233,98,412,83.6,21.0,257,867,823
367,Rene Rivera,237,10,23,35,0,0.059000000000000004,0.295,0.305,91,-2.9,1.0,887,0.252,0.179,0.324,0.431,0.319,0.32299999999999995,0.25,55,218,80.7,17.7,162,483,388
368,Rey Fuentes,145,3,19,9,4,0.055,0.24100000000000002,0.278,55,0.9,-0.2,584,0.235,0.10300000000000001,0.29600000000000004,0.33799999999999997,0.272,0.256,0.217,32,136,77.6,12.7,82,289,292
369,Rhys Hoskins,212,18,37,48,2,0.175,0.217,0.396,158,2.1,2.2,989,0.259,0.359,0.24100000000000002,0.618,0.424,0.39899999999999997,0.255,44,170,83.6,21.6,78,378,604
370,Rickie Weeks Jr.,112,2,13,8,1,0.107,0.43799999999999994,0.321,85,0.9,0.1,482,0.21600000000000003,0.124,0.413,0.34,0.301,0.261,0.165,21,97,81.8,18.8,98,211,268
371,Rio Ruiz,173,4,22,19,1,0.11,0.237,0.28300000000000003,56,0.3,-0.1,685,0.193,0.113,0.231,0.307,0.267,0.303,0.22,29,150,82.9,14.5,91,335,347
372,Rob Refsnyder,98,0,8,0,4,0.08199999999999999,0.17300000000000001,0.247,22,0.5,-0.7,358,0.17,0.045,0.21100000000000002,0.21600000000000003,0.21600000000000003,0.27399999999999997,0.221,15,88,82.3,9.4,33,148,205
373,Robbie Grossman,456,9,62,45,3,0.147,0.17300000000000001,0.361,102,0.1,0.5,1822,0.24600000000000002,0.134,0.287,0.38,0.33299999999999996,0.341,0.26,94,382,80.0,16.6,122,700,1117
374,Roberto Perez,248,8,22,38,0,0.105,0.28600000000000003,0.29100000000000004,75,-1.5,0.5,1096,0.207,0.166,0.266,0.373,0.289,0.295,0.22,45,217,80.8,14.8,110,429,660
375,Robinson Cano,648,23,79,97,1,0.076,0.131,0.33799999999999997,112,-3.0,3.2,2345,0.28,0.172,0.294,0.45299999999999996,0.345,0.363,0.297,166,592,85.0,13.8,214,1204,1107
376,Robinson Chirinos,309,17,46,38,1,0.11,0.256,0.36,127,-2.1,2.3,1274,0.255,0.251,0.298,0.506,0.37200000000000005,0.33399999999999996,0.217,67,263,83.4,21.7,179,554,708
377,Ronald Torreyes,336,3,35,36,2,0.033,0.128,0.314,82,0.3,0.6,1075,0.292,0.083,0.326,0.375,0.299,0.24100000000000002,0.226,92,315,76.9,14.3,100,631,436
378,Rougned Odor,651,30,79,75,15,0.049,0.249,0.252,61,2.0,-1.0,2425,0.204,0.193,0.22399999999999998,0.397,0.28,0.285,0.221,124,607,83.3,21.4,330,1269,1125
379,Ruben Tejada,124,0,17,5,0,0.065,0.121,0.293,56,-1.6,-0.2,450,0.23,0.053,0.265,0.28300000000000003,0.262,0.311,0.266,26,113,81.8,16.3,33,220,226
380,Russell Martin,365,13,49,35,1,0.13699999999999998,0.22699999999999998,0.34299999999999997,100,-1.3,1.8,1492,0.221,0.166,0.261,0.38799999999999996,0.32799999999999996,0.33799999999999997,0.23600000000000002,68,307,83.8,14.4,141,597,885
381,Ryan Braun,425,17,58,52,12,0.08900000000000001,0.179,0.336,110,-0.2,1.5,1555,0.268,0.218,0.292,0.48700000000000004,0.354,0.344,0.263,102,380,83.5,12.3,177,804,740
382,Ryan Goins,459,9,37,62,3,0.068,0.209,0.28600000000000003,69,-0.8,-0.3,1707,0.237,0.12,0.28300000000000003,0.35600000000000004,0.281,0.261,0.21,99,418,80.1,12.3,161,756,941
383,Ryan Hanigan,112,2,9,12,0,0.071,0.23199999999999998,0.324,59,-0.4,-0.1,414,0.267,0.079,0.33799999999999997,0.34700000000000003,0.299,0.263,0.222,27,101,79.0,8.1,40,180,225
384,Ryan Rua,144,3,17,12,2,0.09699999999999999,0.361,0.294,65,-0.9,-0.5,563,0.217,0.11599999999999999,0.33799999999999997,0.33299999999999996,0.281,0.278,0.207,28,129,80.3,14.8,96,257,304
385,Ryan Schimpf,197,14,24,25,0,0.13699999999999998,0.355,0.284,88,1.9,0.1,846,0.158,0.267,0.145,0.424,0.307,0.29100000000000004,0.156,26,165,82.5,33.1,89,323,517
386,Ryan Zimmerman,576,36,90,108,1,0.076,0.21899999999999997,0.358,138,1.9,3.3,2226,0.303,0.26899999999999996,0.335,0.573,0.39399999999999996,0.375,0.28600000000000003,159,524,85.8,15.6,240,985,1234
387,Ryder Jones,164,2,12,5,1,0.061,0.317,0.244,35,0.7,-1.2,598,0.17300000000000001,0.1,0.25,0.273,0.235,0.225,0.166,26,150,79.2,16.5,94,304,277
388,Ryon Healy,605,25,66,78,0,0.038,0.235,0.302,100,-1.8,0.2,2279,0.271,0.18100000000000002,0.319,0.451,0.326,0.313,0.252,156,576,83.4,15.8,291,1083,1190
389,Salvador Perez,499,27,57,80,1,0.034,0.19,0.297,103,-3.6,2.1,1744,0.268,0.22699999999999998,0.28,0.495,0.336,0.345,0.272,126,471,83.9,20.8,213,1021,711
390,Sam Travis,83,0,13,1,1,0.07200000000000001,0.27699999999999997,0.325,78,0.0,0.0,366,0.263,0.079,0.377,0.342,0.301,0.275,0.226,20,76,82.6,13.9,42,141,224
391,Sandy Leon,301,7,32,39,0,0.083,0.24600000000000002,0.29,67,-3.7,0.3,1245,0.225,0.129,0.28,0.354,0.285,0.26899999999999996,0.213,61,271,78.3,21.1,120,563,676
392,Scooter Gennett,497,27,80,97,3,0.06,0.22899999999999998,0.342,124,-2.4,2.4,1933,0.295,0.23600000000000002,0.33899999999999997,0.531,0.374,0.312,0.247,136,461,81.3,18.0,205,944,975
393,Scott Schebler,531,30,63,67,5,0.073,0.235,0.307,100,0.8,1.4,1903,0.233,0.252,0.248,0.484,0.33799999999999997,0.33899999999999997,0.245,110,473,82.5,16.6,290,988,879
394,Sean Rodriguez,153,5,18,8,1,0.105,0.373,0.276,55,0.3,-0.5,597,0.16699999999999998,0.129,0.243,0.295,0.261,0.255,0.16899999999999998,22,132,78.0,18.1,115,297,292
395,Seth Smith,373,13,50,32,2,0.09699999999999999,0.212,0.34,105,-3.2,0.5,1587,0.258,0.17600000000000002,0.301,0.433,0.34,0.35,0.264,85,330,84.6,14.2,133,647,927
396,Shane Peterson,88,2,9,11,2,0.057,0.239,0.31,90,0.8,0.3,332,0.253,0.139,0.316,0.392,0.305,0.27,0.214,20,79,80.4,21.2,55,185,144
397,Shin-Soo Choo,636,22,96,78,12,0.121,0.21100000000000002,0.35700000000000004,107,-1.7,0.8,2549,0.261,0.162,0.305,0.423,0.344,0.364,0.268,142,544,83.2,12.5,246,1062,1466
398,Starlin Castro,473,16,66,63,2,0.049,0.19699999999999998,0.33799999999999997,110,1.3,1.9,1843,0.3,0.153,0.34700000000000003,0.45399999999999996,0.345,0.303,0.254,133,443,81.4,13.5,213,918,917
399,Starling Marte,339,7,48,31,21,0.059000000000000004,0.18600000000000003,0.33299999999999996,91,2.6,1.2,1318,0.275,0.10400000000000001,0.324,0.379,0.318,0.307,0.248,85,309,77.7,12.3,150,652,647
400,Stephen Drew,106,1,9,17,0,0.075,0.198,0.302,70,0.2,0.1,440,0.253,0.105,0.303,0.358,0.29,0.267,0.209,24,95,84.2,23.0,38,177,263
401,Stephen Piscotty,401,9,40,39,3,0.13,0.217,0.342,92,-3.8,0.2,1625,0.235,0.132,0.28600000000000003,0.36700000000000005,0.319,0.337,0.242,80,341,79.3,12.5,184,757,851
402,Stephen Vogt,303,12,25,40,0,0.069,0.185,0.285,83,-2.4,-0.5,1241,0.233,0.19,0.249,0.423,0.305,0.29100000000000004,0.228,65,279,81.1,20.9,98,552,684
403,Steve Pearce,348,13,38,37,0,0.078,0.195,0.319,99,-1.0,0.0,1376,0.252,0.185,0.281,0.43799999999999994,0.32899999999999996,0.312,0.239,79,313,82.6,16.2,139,650,717
404,Steven Souza Jr.,617,30,78,78,16,0.136,0.29,0.35100000000000003,120,3.3,3.7,2498,0.239,0.22,0.302,0.45899999999999996,0.353,0.33399999999999996,0.223,125,523,81.5,16.4,350,1091,1384
405,Stuart Turner,89,2,4,7,0,0.055999999999999994,0.247,0.182,6,-1.4,-0.8,319,0.134,0.11,0.153,0.244,0.187,0.233,0.188,11,82,83.2,14.3,40,151,168
406,T.J. Rivera,231,5,27,27,1,0.039,0.139,0.33,103,1.1,0.8,780,0.29,0.14,0.318,0.43,0.331,0.294,0.254,62,214,80.4,17.4,85,411,364
407,Taylor Motter,280,7,29,26,12,0.075,0.221,0.257,57,0.7,-0.6,1115,0.198,0.128,0.23199999999999998,0.326,0.259,0.28800000000000003,0.23399999999999999,51,258,80.2,18.6,104,497,617
408,Teoscar Hernandez,95,8,16,20,0,0.063,0.379,0.305,132,0.9,0.7,429,0.261,0.341,0.33299999999999996,0.602,0.377,0.317,0.218,23,88,76.8,18.7,76,215,211
409,Tim Anderson,606,17,72,56,15,0.021,0.267,0.276,78,3.7,0.2,2117,0.257,0.145,0.32799999999999996,0.402,0.293,0.264,0.22899999999999998,151,587,80.1,12.1,345,1158,948
410,Tim Beckham,575,22,67,62,6,0.063,0.29,0.32799999999999996,109,0.6,3.5,2313,0.278,0.17600000000000002,0.365,0.45399999999999996,0.33899999999999997,0.317,0.249,148,533,81.1,13.5,362,1166,1137
411,Todd Frazier,576,27,74,76,4,0.14400000000000002,0.217,0.344,108,-2.0,3.0,2500,0.213,0.215,0.226,0.428,0.34,0.35200000000000004,0.22899999999999998,101,474,81.6,23.1,259,1004,1473
412,Tomas Telis,111,0,13,9,0,0.027000000000000003,0.09,0.27899999999999997,64,0.2,-0.4,421,0.24,0.106,0.263,0.34600000000000003,0.275,0.284,0.251,25,104,80.1,12.5,19,181,236
413,Tommy Joseph,533,22,51,69,1,0.062,0.242,0.289,85,-4.4,-1.1,2030,0.24,0.192,0.28,0.43200000000000005,0.311,0.302,0.24,119,495,83.8,18.0,267,1005,1019
414,Tommy La Stella,151,5,18,22,0,0.132,0.11900000000000001,0.389,126,0.1,0.8,637,0.28800000000000003,0.184,0.298,0.47200000000000003,0.37200000000000005,0.341,0.259,36,125,82.5,19.0,41,281,349
415,Tommy Pham,530,23,95,73,25,0.134,0.221,0.41100000000000003,148,5.3,5.9,2120,0.306,0.214,0.368,0.52,0.40299999999999997,0.366,0.267,136,444,83.1,10.7,168,802,1305
416,Tony Wolters,266,0,30,16,0,0.124,0.207,0.341,49,-1.3,-0.1,1066,0.24,0.044000000000000004,0.316,0.284,0.29100000000000004,0.27899999999999997,0.217,55,229,78.6,11.2,89,448,579
417,Travis Jankowski,87,0,10,1,4,0.10300000000000001,0.322,0.282,43,1.4,-0.1,366,0.187,0.027000000000000003,0.298,0.213,0.233,0.222,0.16399999999999998,14,75,79.1,11.8,44,157,205
418,Travis Shaw,606,31,84,101,10,0.099,0.228,0.349,119,-1.8,3.4,2417,0.273,0.24,0.312,0.513,0.369,0.33299999999999996,0.25,147,538,83.3,19.0,229,1081,1306
419,Travis d'Arnaud,376,16,39,57,0,0.061,0.157,0.293,91,-2.0,0.8,1376,0.244,0.198,0.25,0.44299999999999995,0.316,0.307,0.242,85,348,82.2,18.0,170,712,650
420,Trea Turner,447,11,75,45,46,0.067,0.179,0.33799999999999997,105,7.9,3.0,1694,0.284,0.16699999999999998,0.32899999999999996,0.451,0.344,0.305,0.245,117,412,84.0,11.8,168,737,942
421,Trevor Plouffe,313,9,31,19,1,0.08900000000000001,0.281,0.272,58,-2.8,-1.2,1263,0.198,0.12,0.251,0.318,0.265,0.28600000000000003,0.218,56,283,82.0,19.3,139,561,691
422,Trevor Story,555,24,68,82,7,0.08800000000000001,0.344,0.308,81,1.0,1.3,2298,0.239,0.21899999999999997,0.332,0.457,0.33,0.289,0.205,120,503,81.6,22.4,346,1098,1182
423,Trey Mancini,586,24,65,78,1,0.055999999999999994,0.237,0.33799999999999997,117,-0.4,1.8,2281,0.293,0.195,0.35200000000000004,0.488,0.35600000000000004,0.336,0.262,159,543,82.5,11.4,330,1160,1114
424,Troy Tulowitzki,260,7,16,26,0,0.065,0.154,0.3,78,-3.5,0.0,967,0.249,0.129,0.272,0.37799999999999995,0.299,0.28600000000000003,0.23600000000000002,60,241,81.7,14.5,79,440,525
425,Tucker Barnhart,423,7,26,44,4,0.099,0.161,0.34700000000000003,92,-3.5,2.0,1581,0.27,0.132,0.312,0.40299999999999997,0.32899999999999996,0.327,0.26899999999999996,100,370,80.8,12.6,140,735,801
426,Ty Kelly,105,2,11,14,0,0.076,0.23800000000000002,0.257,53,1.3,-0.2,432,0.191,0.146,0.231,0.337,0.25,0.257,0.21,17,89,77.0,13.9,37,165,266
427,Tyler Collins,169,5,18,14,0,0.107,0.325,0.278,62,-1.3,-0.2,697,0.193,0.14,0.264,0.33299999999999996,0.27399999999999997,0.28,0.196,29,150,83.9,23.6,100,315,382
428,Tyler Flowers,370,12,41,49,0,0.084,0.222,0.37799999999999995,120,0.3,2.5,1440,0.281,0.16399999999999998,0.342,0.445,0.364,0.34700000000000003,0.264,89,317,81.8,14.4,176,687,729
429,Tyler Moore,203,6,17,30,0,0.049,0.276,0.267,72,-0.5,-0.2,771,0.23,0.171,0.287,0.401,0.285,0.27,0.212,43,187,83.3,21.2,116,392,377
430,Tyler Saladino,281,0,23,10,5,0.08199999999999999,0.23800000000000002,0.254,33,0.2,-1.2,1153,0.17800000000000002,0.051,0.242,0.22899999999999998,0.225,0.23,0.18,45,253,80.1,16.6,119,484,660
431,Victor Martinez,435,10,38,47,0,0.083,0.145,0.324,85,-6.6,-1.1,1667,0.255,0.11699999999999999,0.28,0.37200000000000005,0.311,0.344,0.271,100,392,84.2,16.2,124,773,877
432,Welington Castillo,365,20,44,53,0,0.06,0.266,0.32299999999999995,113,-2.3,2.7,1445,0.282,0.20800000000000002,0.336,0.49,0.35,0.34299999999999997,0.268,96,341,84.1,18.5,154,626,819
433,Whit Merrifield,630,19,80,78,34,0.046,0.14,0.324,105,4.4,3.1,2370,0.28800000000000003,0.172,0.308,0.46,0.33799999999999997,0.314,0.258,169,587,82.5,20.4,210,1198,1160
434,Wil Myers,649,30,80,74,20,0.10800000000000001,0.27699999999999997,0.32799999999999996,109,0.6,0.9,2678,0.243,0.22,0.297,0.46399999999999997,0.342,0.321,0.223,138,567,83.1,19.3,305,1177,1484
435,Willson Contreras,428,21,50,74,5,0.105,0.22899999999999998,0.35600000000000004,121,-6.0,3.2,1614,0.276,0.223,0.319,0.499,0.368,0.336,0.244,104,377,81.5,12.5,231,759,832
436,Willy Garcia,119,2,15,12,0,0.092,0.261,0.305,86,-0.8,0.0,479,0.23800000000000002,0.162,0.311,0.4,0.305,0.275,0.204,25,105,83.4,16.4,65,208,269
437,Wilmer Difo,365,5,47,21,10,0.066,0.203,0.319,76,3.4,1.0,1367,0.271,0.099,0.332,0.37,0.302,0.28600000000000003,0.25,90,332,77.8,11.2,180,701,630
438,Wilmer Flores,362,18,42,52,1,0.047,0.149,0.307,106,-2.6,0.9,1473,0.271,0.217,0.27,0.488,0.33799999999999997,0.318,0.259,91,336,82.3,20.0,125,760,706
439,Wilson Ramos,224,11,19,35,0,0.045,0.161,0.29,92,-3.1,0.4,725,0.26,0.188,0.262,0.447,0.312,0.326,0.261,54,208,79.5,11.0,85,402,316
440,Xander Bogaerts,635,10,94,62,15,0.08800000000000001,0.183,0.34299999999999997,96,8.3,3.2,2564,0.273,0.13,0.327,0.40299999999999997,0.331,0.28300000000000003,0.23199999999999998,156,571,81.0,12.7,222,1065,1472
441,Yadier Molina,543,18,60,82,9,0.052000000000000005,0.136,0.312,94,-5.1,2.1,2014,0.273,0.166,0.285,0.439,0.32299999999999995,0.33899999999999997,0.27899999999999997,137,501,82.9,20.4,197,1050,941
442,Yan Gomes,383,14,43,56,0,0.081,0.258,0.309,87,0.3,1.8,1460,0.23199999999999998,0.16699999999999998,0.28300000000000003,0.39899999999999997,0.311,0.281,0.20199999999999999,79,341,81.2,21.0,209,764,686
443,Yandy Diaz,179,0,25,13,2,0.11699999999999999,0.196,0.35200000000000004,86,0.8,0.5,719,0.263,0.064,0.336,0.327,0.312,0.331,0.266,41,156,87.1,6.0,52,280,438
444,Yangervis Solarte,512,18,49,64,3,0.07200000000000001,0.11900000000000001,0.314,93,-2.8,1.1,1787,0.255,0.161,0.258,0.41600000000000004,0.32,0.303,0.245,119,466,81.0,16.7,144,912,855
445,Yasiel Puig,570,28,72,74,15,0.11199999999999999,0.175,0.34600000000000003,117,-7.6,2.9,2142,0.263,0.22399999999999998,0.27399999999999997,0.48700000000000004,0.359,0.348,0.254,131,499,82.7,14.4,242,979,1134
446,Yasmani Grandal,482,22,50,58,0,0.083,0.27,0.308,102,-4.0,2.5,1916,0.247,0.212,0.298,0.45899999999999996,0.33,0.28800000000000003,0.21600000000000003,108,438,81.9,20.3,248,887,1020
447,Yasmany Tomas,180,8,19,32,0,0.07200000000000001,0.278,0.294,89,0.9,0.1,662,0.24100000000000002,0.223,0.294,0.46399999999999997,0.325,0.321,0.23,40,166,84.8,13.7,110,348,314
448,Yoan Moncada,231,8,31,22,3,0.126,0.32,0.33799999999999997,104,1.6,0.9,971,0.231,0.18100000000000002,0.325,0.41200000000000003,0.332,0.306,0.209,46,199,81.5,15.2,132,415,550
449,Yoenis Cespedes,321,17,46,42,0,0.081,0.19,0.35200000000000004,131,-0.8,1.6,1337,0.292,0.247,0.316,0.54,0.381,0.35100000000000003,0.262,85,291,82.1,20.8,135,644,671
450,Yolmer Sanchez,534,12,63,59,8,0.066,0.20800000000000002,0.319,94,-1.3,2.1,2010,0.267,0.147,0.321,0.413,0.316,0.276,0.22899999999999998,129,484,79.6,16.2,239,1000,989
451,Yonder Alonso,521,28,72,67,2,0.131,0.226,0.365,132,-2.5,2.4,2097,0.267,0.23600000000000002,0.302,0.502,0.376,0.368,0.262,120,450,83.0,20.4,255,976,1096
452,Yulieski Gurriel,564,18,69,75,3,0.039,0.11,0.332,118,0.9,1.8,1937,0.299,0.187,0.308,0.486,0.35100000000000003,0.327,0.28300000000000003,158,529,85.1,13.8,164,932,991
453,Yunel Escobar,381,7,43,31,1,0.076,0.134,0.33299999999999996,100,-4.8,0.8,1357,0.27399999999999997,0.12300000000000001,0.305,0.397,0.324,0.33,0.272,96,350,84.3,7.1,126,637,718
454,Zack Cozart,507,24,80,63,3,0.122,0.154,0.385,141,-1.5,5.0,2125,0.297,0.251,0.312,0.5479999999999999,0.39899999999999997,0.332,0.255,130,438,81.7,16.3,139,868,1249
455,Zack Granite,107,1,14,13,2,0.11199999999999999,0.084,0.321,67,-1.5,-0.2,431,0.237,0.054000000000000006,0.25,0.29,0.28,0.29100000000000004,0.25,22,93,79.9,15.4,10,160,265
