,Player_Name,PA,BB/PA,Launch_Speed,BABIP,wOBA,xwOBA,HR/PA,R/PA,RBI/PA,BA,OBP
0,A.J. Ellis,196,0.097,82.4,0.252,0.266,0.31,0.01020408163265306,0.05612244897959184,0.11224489795918367,0.21600000000000005,0.301
1,A.J. Pierzynski,259,0.023,83.8,0.237,0.236,0.289,0.007722007722007722,0.05791505791505792,0.0888030888030888,0.219,0.243
2,A.J. Reed,141,0.128,83.3,0.236,0.245,0.28,0.02127659574468085,0.07801418439716312,0.05673758865248227,0.16399999999999998,0.27
3,Aaron Altherr,227,0.101,82.9,0.28800000000000003,0.27,0.282,0.01762114537444934,0.1013215859030837,0.1013215859030837,0.202,0.304
4,Aaron Hicks,361,0.083,84.8,0.248,0.27,0.28600000000000003,0.0221606648199446,0.0886426592797784,0.08587257617728532,0.217,0.281
5,Aaron Hill,429,0.096,83.1,0.284,0.313,0.312,0.023310023310023312,0.11188811188811189,0.08857808857808858,0.262,0.336
6,Aaron Judge,95,0.095,85.5,0.282,0.267,0.284,0.042105263157894736,0.10526315789473684,0.10526315789473684,0.179,0.263
7,Abraham Almonte,194,0.041,82.3,0.331,0.294,0.277,0.005154639175257732,0.12371134020618557,0.1134020618556701,0.264,0.294
8,Adam Duvall,608,0.067,83.9,0.275,0.333,0.333,0.054276315789473686,0.13980263157894737,0.16940789473684212,0.241,0.297
9,Adam Eaton,706,0.08900000000000001,82.7,0.329,0.344,0.325,0.019830028328611898,0.12889518413597734,0.08356940509915015,0.284,0.362
10,Adam Frazier,160,0.075,81.6,0.353,0.335,0.324,0.0125,0.13125,0.06875,0.301,0.35600000000000004
11,Adam Jones,672,0.058,83.4,0.28,0.319,0.33,0.043154761904761904,0.12797619047619047,0.12351190476190477,0.265,0.31
12,Adam Lind,430,0.06,87.2,0.259,0.304,0.339,0.046511627906976744,0.11162790697674418,0.13488372093023257,0.239,0.28600000000000003
13,Adam Rosales,248,0.117,82.3,0.308,0.34,0.304,0.05241935483870968,0.14919354838709678,0.14112903225806453,0.229,0.319
14,Addison Russell,598,0.092,83.9,0.277,0.316,0.313,0.03511705685618729,0.11204013377926421,0.1588628762541806,0.238,0.321
15,Adeiny Hechavarria,547,0.06,83.4,0.269,0.256,0.29600000000000004,0.005484460694698354,0.09506398537477148,0.06946983546617916,0.236,0.28300000000000003
16,Adonis Garcia,563,0.043,84.8,0.308,0.308,0.325,0.02486678507992895,0.11545293072824156,0.11545293072824156,0.273,0.311
17,Adrian Beltre,640,0.075,85.8,0.293,0.371,0.374,0.05,0.1390625,0.1625,0.3,0.358
18,Adrian Gonzalez,633,0.087,84.6,0.328,0.334,0.341,0.02843601895734597,0.10900473933649289,0.14218009478672985,0.285,0.349
19,Albert Almora Jr.,117,0.043,83.2,0.315,0.325,0.314,0.02564102564102564,0.11965811965811966,0.11965811965811966,0.277,0.308
20,Albert Pujols,650,0.075,87.4,0.26,0.331,0.38,0.047692307692307694,0.10923076923076923,0.18307692307692308,0.268,0.32299999999999995
21,Alcides Escobar,682,0.04,79.8,0.295,0.278,0.26,0.010263929618768328,0.08357771260997067,0.08064516129032258,0.261,0.292
22,Aledmys Diaz,460,0.08900000000000001,85.2,0.312,0.37,0.322,0.03695652173913044,0.15434782608695652,0.14130434782608695,0.3,0.369
23,Alejandro De Aza,267,0.097,82.4,0.259,0.276,0.315,0.02247191011235955,0.11610486891385768,0.09363295880149813,0.205,0.297
24,Alex Avila,209,0.182,85.8,0.341,0.329,0.327,0.03349282296650718,0.09090909090909091,0.05263157894736842,0.213,0.359
25,Alex Bregman,217,0.069,83.6,0.317,0.336,0.303,0.03686635944700461,0.14285714285714285,0.15668202764976957,0.264,0.313
26,Alex Dickerson,285,0.091,83.8,0.274,0.336,0.34700000000000003,0.03508771929824561,0.1368421052631579,0.12982456140350876,0.257,0.333
27,Alex Gordon,506,0.103,83.3,0.28800000000000003,0.303,0.328,0.03359683794466403,0.1225296442687747,0.07905138339920949,0.22,0.312
28,Alex Presley,134,0.08199999999999999,81.4,0.223,0.247,0.281,0.022388059701492536,0.08955223880597014,0.08208955223880597,0.198,0.269
29,Alex Rodriguez,243,0.058,84.8,0.237,0.258,0.29600000000000004,0.037037037037037035,0.07818930041152264,0.12757201646090535,0.2,0.247
30,Alexei Ramirez,506,0.042,81.4,0.265,0.264,0.261,0.011857707509881422,0.07509881422924901,0.09486166007905138,0.241,0.277
31,Alexi Amarista,150,0.053,83.2,0.313,0.248,0.277,0.0,0.06,0.07333333333333333,0.257,0.295
32,Andrelton Simmons,483,0.058,83.0,0.298,0.302,0.302,0.008281573498964804,0.09937888198757763,0.09109730848861283,0.281,0.324
33,Andres Blanco,209,0.053,84.3,0.301,0.313,0.297,0.019138755980861243,0.12440191387559808,0.10047846889952153,0.253,0.316
34,Andrew Benintendi,118,0.085,81.4,0.3670000000000001,0.35700000000000004,0.293,0.01694915254237288,0.13559322033898305,0.11864406779661017,0.295,0.359
35,Andrew McCutchen,675,0.102,85.4,0.297,0.329,0.342,0.035555555555555556,0.12,0.11703703703703704,0.256,0.336
36,Andrew Romine,194,0.067,78.6,0.29100000000000004,0.279,0.28600000000000003,0.010309278350515464,0.10824742268041238,0.08247422680412371,0.236,0.304
37,Andrew Toles,115,0.07,84.7,0.385,0.365,0.319,0.02608695652173913,0.16521739130434782,0.1391304347826087,0.314,0.365
38,Angel Pagan,543,0.077,82.3,0.298,0.324,0.319,0.022099447513812154,0.13075506445672191,0.10128913443830571,0.277,0.331
39,Anthony Gose,101,0.08900000000000001,83.1,0.333,0.277,0.247,0.019801980198019802,0.10891089108910891,0.06930693069306931,0.209,0.287
40,Anthony Recker,112,0.14300000000000002,85.9,0.343,0.361,0.417,0.017857142857142856,0.05357142857142857,0.13392857142857142,0.278,0.394
41,Anthony Rendon,647,0.1,85.9,0.304,0.342,0.348,0.030911901081916538,0.14064914992272023,0.13137557959814528,0.27,0.348
42,Anthony Rizzo,676,0.109,84.7,0.309,0.391,0.368,0.047337278106508875,0.1390532544378698,0.16124260355029585,0.292,0.385
43,Asdrubal Cabrera,568,0.067,84.1,0.31,0.345,0.325,0.040492957746478875,0.11443661971830986,0.10915492957746478,0.28,0.336
44,Austin Jackson,203,0.084,81.6,0.319,0.292,0.324,0.0,0.11822660098522167,0.08866995073891626,0.254,0.318
45,Austin Romine,176,0.04,81.5,0.271,0.275,0.282,0.022727272727272728,0.09659090909090909,0.14772727272727273,0.242,0.269
46,Avisail Garcia,453,0.075,84.3,0.309,0.302,0.324,0.026490066225165563,0.13024282560706402,0.11258278145695365,0.245,0.307
47,Ben Paulsen,97,0.052000000000000005,82.6,0.297,0.243,0.243,0.010309278350515464,0.08247422680412371,0.1134020618556701,0.217,0.258
48,Ben Revere,375,0.048,80.1,0.234,0.246,0.254,0.005333333333333333,0.11733333333333333,0.064,0.217,0.26
49,Ben Zobrist,631,0.152,85.2,0.29,0.36,0.361,0.028526148969889066,0.14896988906497624,0.12044374009508717,0.272,0.386
50,Billy Burns,332,0.03,78.2,0.264,0.247,0.235,0.0,0.11746987951807229,0.0391566265060241,0.235,0.271
51,Billy Butler,274,0.077,85.2,0.32,0.324,0.388,0.01824817518248175,0.09854014598540146,0.12773722627737227,0.284,0.336
52,Billy Hamilton,460,0.078,76.4,0.329,0.294,0.248,0.006521739130434782,0.15,0.03695652173913044,0.26,0.321
53,Bobby Wilson,251,0.044,79.8,0.292,0.27,0.258,0.027888446215139442,0.099601593625498,0.13147410358565736,0.237,0.27
54,Brad Miller,601,0.078,84.8,0.277,0.333,0.318,0.04991680532445923,0.12146422628951747,0.13477537437603992,0.243,0.304
55,Brandon Barnes,109,0.028,78.9,0.314,0.247,0.272,0.0,0.09174311926605505,0.07339449541284404,0.22,0.25
56,Brandon Belt,655,0.159,81.9,0.34600000000000003,0.374,0.384,0.025954198473282442,0.11755725190839694,0.1251908396946565,0.275,0.394
57,Brandon Crawford,623,0.091,84.3,0.322,0.327,0.327,0.019261637239165328,0.10754414125200643,0.1348314606741573,0.275,0.342
58,Brandon Drury,499,0.062,84.9,0.327,0.335,0.313,0.03206412825651302,0.11823647294589178,0.1062124248496994,0.282,0.329
59,Brandon Guyer,345,0.055,81.4,0.3,0.35100000000000003,0.329,0.02608695652173913,0.11304347826086956,0.0927536231884058,0.266,0.3720000000000001
60,Brandon Moss,464,0.084,83.3,0.261,0.329,0.338,0.0603448275862069,0.14224137931034483,0.14439655172413793,0.225,0.3
61,Brandon Phillips,584,0.031,81.3,0.312,0.315,0.29600000000000004,0.018835616438356163,0.1267123287671233,0.1095890410958904,0.29100000000000004,0.32
62,Brett Eibner,208,0.091,81.0,0.227,0.268,0.289,0.028846153846153848,0.10096153846153846,0.10576923076923077,0.193,0.266
63,Brett Gardner,634,0.11,82.3,0.31,0.317,0.304,0.011041009463722398,0.12618296529968454,0.06466876971608833,0.261,0.35100000000000003
64,Brett Lawrie,384,0.078,83.9,0.325,0.311,0.29,0.03125,0.09114583333333333,0.09375,0.248,0.31
65,Brett Wallace,256,0.113,82.6,0.271,0.28,0.308,0.0234375,0.07421875,0.078125,0.189,0.309
66,Brian Dozier,691,0.08800000000000001,84.0,0.28,0.37,0.326,0.060781476121562955,0.15050651230101303,0.14327062228654125,0.268,0.34
67,Brian McCann,492,0.11,84.7,0.269,0.326,0.336,0.04065040650406504,0.11382113821138211,0.11788617886178862,0.242,0.335
68,Brock Holt,324,0.083,81.7,0.294,0.308,0.302,0.021604938271604937,0.1388888888888889,0.10493827160493827,0.255,0.322
69,Bruce Maxwell,101,0.079,83.6,0.368,0.321,0.342,0.009900990099009901,0.07920792079207921,0.13861386138613863,0.28300000000000003,0.337
70,Bryan Holaday,129,0.054000000000000006,78.5,0.281,0.277,0.267,0.015503875968992248,0.13178294573643412,0.10852713178294573,0.231,0.281
71,Bryce Harper,627,0.172,84.0,0.264,0.343,0.361,0.03827751196172249,0.1339712918660287,0.1371610845295056,0.243,0.373
72,Buster Posey,614,0.104,86.4,0.303,0.341,0.375,0.02280130293159609,0.13355048859934854,0.13029315960912052,0.28800000000000003,0.362
73,Byron Buxton,331,0.069,81.4,0.329,0.304,0.246,0.030211480362537766,0.13293051359516617,0.1148036253776435,0.225,0.284
74,ByungHo Park,244,0.086,84.1,0.23,0.294,0.341,0.04918032786885246,0.11475409836065574,0.09836065573770492,0.191,0.275
75,C.J. Cron,445,0.054000000000000006,83.7,0.302,0.337,0.338,0.035955056179775284,0.1146067415730337,0.1550561797752809,0.278,0.325
76,Caleb Joseph,141,0.05,81.5,0.221,0.188,0.246,0.0,0.04964539007092199,0.0,0.174,0.21600000000000005
77,Cameron Maybin,391,0.092,82.2,0.383,0.35200000000000004,0.301,0.010230179028132993,0.16624040920716113,0.10997442455242967,0.315,0.383
78,Cameron Rupp,419,0.057,86.5,0.315,0.321,0.321,0.03818615751789976,0.08591885441527446,0.1288782816229117,0.252,0.303
79,Carl Crawford,87,0.046,81.9,0.211,0.208,0.239,0.0,0.09195402298850575,0.06896551724137931,0.185,0.23
80,Carlos Beltran,593,0.059,86.3,0.315,0.358,0.33,0.048903878583473864,0.12310286677908938,0.15682967959527824,0.295,0.337
81,Carlos Correa,660,0.114,84.9,0.328,0.349,0.363,0.030303030303030304,0.11515151515151516,0.14545454545454545,0.274,0.361
82,Carlos Gomez,453,0.075,80.4,0.313,0.29600000000000004,0.271,0.02869757174392936,0.09933774834437085,0.11699779249448124,0.231,0.298
83,Carlos Gonzalez,632,0.073,85.2,0.34600000000000003,0.361,0.344,0.03955696202531646,0.13765822784810128,0.15822784810126583,0.298,0.35
84,Carlos Perez,291,0.041,79.5,0.236,0.246,0.254,0.01718213058419244,0.0859106529209622,0.10652920962199312,0.209,0.244
85,Carlos Ruiz,233,0.116,83.6,0.303,0.321,0.344,0.012875536480686695,0.09012875536480687,0.06437768240343347,0.264,0.365
86,Carlos Santana,688,0.14400000000000002,87.6,0.258,0.37,0.387,0.04941860465116279,0.12936046511627908,0.12645348837209303,0.259,0.366
87,Casey McGehee,96,0.031,84.2,0.269,0.225,0.28800000000000003,0.0,0.041666666666666664,0.010416666666666666,0.228,0.26
88,Cesar Hernandez,622,0.106,80.2,0.363,0.335,0.305,0.00964630225080386,0.10771704180064309,0.06270096463022508,0.294,0.371
89,Charlie Blackmon,641,0.067,83.4,0.35,0.394,0.355,0.0452418096723869,0.1731669266770671,0.12792511700468018,0.324,0.381
90,Chase Headley,529,0.096,82.4,0.303,0.311,0.318,0.026465028355387523,0.10964083175803403,0.09640831758034027,0.251,0.329
91,Chase Utley,565,0.071,83.9,0.299,0.312,0.315,0.024778761061946902,0.13982300884955753,0.0920353982300885,0.252,0.319
92,Chase d'Arnaud,262,0.08800000000000001,80.9,0.303,0.287,0.271,0.003816793893129771,0.0916030534351145,0.08015267175572519,0.245,0.317
93,Cheslor Cuthbert,510,0.063,84.0,0.32,0.316,0.272,0.023529411764705882,0.09607843137254903,0.09019607843137255,0.274,0.318
94,Chris Carter,644,0.118,85.9,0.26,0.34600000000000003,0.365,0.06366459627329192,0.13043478260869565,0.14596273291925466,0.222,0.321
95,Chris Coghlan,300,0.117,82.8,0.235,0.269,0.292,0.02,0.11666666666666667,0.1,0.188,0.29
96,Chris Davis,665,0.132,85.7,0.279,0.34,0.353,0.05714285714285714,0.14887218045112782,0.12631578947368421,0.221,0.332
97,Chris Gimenez,155,0.065,81.4,0.274,0.265,0.28800000000000003,0.025806451612903226,0.10967741935483871,0.07096774193548387,0.21600000000000005,0.272
98,Chris Heisey,155,0.084,80.8,0.241,0.315,0.293,0.05806451612903226,0.11612903225806452,0.10967741935483871,0.21600000000000005,0.29
99,Chris Herrmann,166,0.096,83.9,0.364,0.358,0.336,0.03614457831325301,0.12650602409638553,0.1686746987951807,0.284,0.35200000000000004
100,Chris Iannetta,338,0.112,83.2,0.266,0.282,0.32,0.020710059171597635,0.06804733727810651,0.07100591715976332,0.21,0.303
101,Chris Johnson,264,0.07200000000000001,85.8,0.306,0.267,0.313,0.01893939393939394,0.07575757575757576,0.09090909090909091,0.222,0.281
102,Chris Owings,466,0.043,83.9,0.334,0.311,0.297,0.01072961373390558,0.11158798283261803,0.10515021459227468,0.277,0.315
103,Chris Stewart,113,0.106,81.3,0.244,0.271,0.282,0.008849557522123894,0.08849557522123894,0.061946902654867256,0.214,0.319
104,Chris Young,227,0.093,84.6,0.326,0.364,0.309,0.039647577092511016,0.1277533039647577,0.10572687224669604,0.276,0.35200000000000004
105,Christian Bethancourt,204,0.049,82.5,0.28800000000000003,0.273,0.282,0.029411764705882353,0.09803921568627451,0.12254901960784313,0.228,0.265
106,Christian Colon,161,0.068,81.7,0.287,0.264,0.255,0.006211180124223602,0.08074534161490683,0.08074534161490683,0.231,0.294
107,Christian Vazquez,184,0.054000000000000006,82.3,0.28800000000000003,0.257,0.269,0.005434782608695652,0.11413043478260869,0.06521739130434782,0.227,0.277
108,Christian Yelich,659,0.109,88.6,0.35600000000000004,0.3670000000000001,0.381,0.03186646433990895,0.11836115326251896,0.14871016691957512,0.298,0.376
109,Cliff Pennington,188,0.069,79.3,0.289,0.253,0.249,0.015957446808510637,0.09574468085106383,0.05319148936170213,0.209,0.265
110,Clint Robinson,225,0.08900000000000001,84.3,0.259,0.28,0.308,0.022222222222222223,0.07111111111111111,0.11555555555555555,0.234,0.304
111,Coco Crisp,498,0.092,81.4,0.252,0.301,0.29600000000000004,0.02610441767068273,0.10843373493975904,0.11044176706827309,0.231,0.302
112,Cody Asche,218,0.083,81.5,0.271,0.279,0.29600000000000004,0.01834862385321101,0.10091743119266056,0.08256880733944955,0.213,0.284
113,Colby Rasmus,417,0.103,83.8,0.257,0.282,0.306,0.03597122302158273,0.09112709832134293,0.12949640287769784,0.206,0.28600000000000003
114,Conor Gillaspie,205,0.059,84.4,0.278,0.314,0.331,0.02926829268292683,0.11707317073170732,0.12195121951219512,0.262,0.307
115,Corey Dickerson,548,0.06,83.9,0.285,0.319,0.308,0.043795620437956206,0.10401459854014598,0.12773722627737227,0.245,0.293
116,Corey Seager,687,0.079,85.4,0.355,0.3720000000000001,0.38,0.03784570596797671,0.15283842794759825,0.10480349344978165,0.308,0.365
117,Cristhian Adames,256,0.094,79.2,0.267,0.274,0.273,0.0078125,0.09765625,0.06640625,0.218,0.304
118,Curt Casali,256,0.098,81.3,0.25,0.268,0.277,0.03125,0.08984375,0.09765625,0.18600000000000005,0.273
119,Curtis Granderson,633,0.117,84.3,0.254,0.339,0.339,0.04739336492890995,0.13902053712480253,0.09320695102685624,0.237,0.335
120,DJ LeMahieu,635,0.104,86.3,0.388,0.391,0.391,0.01732283464566929,0.16377952755905512,0.10393700787401575,0.348,0.416
121,Dae-Ho Lee,317,0.063,82.8,0.294,0.318,0.333,0.04416403785488959,0.10410094637223975,0.15457413249211358,0.253,0.312
122,Daniel Castro,139,0.05,79.5,0.245,0.201,0.241,0.0,0.05755395683453238,0.050359712230215826,0.2,0.241
123,Daniel Descalso,289,0.118,84.3,0.305,0.332,0.326,0.02768166089965398,0.1314878892733564,0.1314878892733564,0.264,0.349
124,Daniel Murphy,582,0.06,87.7,0.348,0.408,0.403,0.0429553264604811,0.15120274914089346,0.17869415807560138,0.34700000000000003,0.39
125,Daniel Nava,148,0.068,84.2,0.275,0.266,0.316,0.006756756756756757,0.07432432432432433,0.08783783783783784,0.223,0.297
126,Danny Espinosa,601,0.09,82.9,0.261,0.294,0.29100000000000004,0.03993344425956739,0.10981697171381032,0.11980033277870217,0.209,0.306
127,Danny Santana,248,0.048,80.9,0.305,0.265,0.272,0.008064516129032258,0.11693548387096774,0.056451612903225805,0.24,0.279
128,Danny Valencia,517,0.079,85.1,0.34600000000000003,0.342,0.34600000000000003,0.03288201160541586,0.13926499032882012,0.09864603481624758,0.287,0.34600000000000003
129,Dansby Swanson,145,0.09,84.9,0.383,0.334,0.308,0.020689655172413793,0.13793103448275862,0.11724137931034483,0.302,0.361
130,Darin Ruf,89,0.045,86.8,0.246,0.245,0.309,0.033707865168539325,0.0898876404494382,0.10112359550561797,0.205,0.236
131,Darwin Barney,306,0.07200000000000001,82.6,0.31,0.303,0.28800000000000003,0.013071895424836602,0.11437908496732026,0.06209150326797386,0.269,0.322
132,David Dahl,237,0.063,83.3,0.404,0.3670000000000001,0.293,0.029535864978902954,0.17721518987341772,0.10126582278481013,0.315,0.359
133,David Freese,492,0.091,84.4,0.3720000000000001,0.334,0.328,0.026422764227642278,0.12804878048780488,0.11178861788617886,0.27,0.35200000000000004
134,David Ortiz,626,0.128,87.6,0.312,0.419,0.438,0.06070287539936102,0.12619808306709265,0.20287539936102236,0.315,0.401
135,David Peralta,183,0.044,85.2,0.31,0.308,0.29,0.02185792349726776,0.12568306010928962,0.08196721311475409,0.251,0.295
136,David Ross,205,0.146,82.0,0.262,0.326,0.34,0.04878048780487805,0.11707317073170732,0.15609756097560976,0.229,0.338
137,David Wright,164,0.159,85.2,0.32,0.344,0.381,0.042682926829268296,0.10975609756097561,0.08536585365853659,0.226,0.35
138,Dee Gordon,345,0.052000000000000005,77.6,0.319,0.28,0.227,0.002898550724637681,0.13623188405797101,0.04057971014492753,0.268,0.305
139,Delino DeShields,203,0.07400000000000001,78.9,0.272,0.261,0.237,0.019704433497536946,0.17733990147783252,0.06403940886699508,0.209,0.275
140,Denard Span,637,0.083,81.2,0.29100000000000004,0.312,0.318,0.01726844583987441,0.10989010989010989,0.08320251177394035,0.266,0.331
141,Derek Dietrich,412,0.078,80.9,0.343,0.348,0.34600000000000003,0.01699029126213592,0.09466019417475728,0.10194174757281553,0.279,0.374
142,Derek Norris,458,0.079,82.3,0.238,0.252,0.282,0.03056768558951965,0.1091703056768559,0.09170305676855896,0.18600000000000005,0.255
143,Desmond Jennings,225,0.093,82.3,0.243,0.278,0.277,0.03111111111111111,0.09777777777777778,0.08888888888888889,0.2,0.281
144,Devon Travis,432,0.046,81.9,0.358,0.337,0.295,0.02546296296296296,0.125,0.11574074074074074,0.3,0.332
145,Dexter Fowler,551,0.14300000000000002,82.4,0.35,0.3670000000000001,0.34600000000000003,0.023593466424682397,0.15245009074410162,0.08711433756805807,0.276,0.393
146,Didi Gregorius,597,0.032,81.0,0.29,0.319,0.271,0.03350083752093802,0.11390284757118928,0.11725293132328309,0.276,0.304
147,Dioner Navarro,334,0.069,80.1,0.248,0.258,0.259,0.017964071856287425,0.07784431137724551,0.10479041916167664,0.207,0.265
148,Domingo Santana,281,0.114,87.9,0.359,0.343,0.355,0.03914590747330961,0.12099644128113879,0.11387900355871886,0.256,0.345
149,Drew Butera,133,0.06,79.6,0.373,0.345,0.266,0.03007518796992481,0.13533834586466165,0.12030075187969924,0.285,0.328
150,Drew Stubbs,94,0.128,82.1,0.375,0.3,0.262,0.031914893617021274,0.13829787234042554,0.07446808510638298,0.225,0.33
151,Dustin Pedroia,698,0.087,85.0,0.339,0.358,0.334,0.02148997134670487,0.1504297994269341,0.10601719197707736,0.318,0.376
152,Eddie Rosario,354,0.034,82.7,0.338,0.304,0.274,0.02824858757062147,0.14689265536723164,0.0903954802259887,0.269,0.295
153,Eduardo Escobar,377,0.056,82.2,0.28,0.269,0.28600000000000003,0.015915119363395226,0.08488063660477453,0.09814323607427056,0.236,0.28
154,Eduardo Nunez,595,0.049,83.4,0.314,0.324,0.29600000000000004,0.02689075630252101,0.1226890756302521,0.11260504201680673,0.28800000000000003,0.325
155,Edwin Encarnacion,702,0.124,86.1,0.27,0.373,0.384,0.05982905982905983,0.14102564102564102,0.18091168091168092,0.263,0.35700000000000004
156,Elvis Andrus,568,0.083,83.8,0.333,0.344,0.32299999999999995,0.014084507042253521,0.13204225352112675,0.12147887323943662,0.302,0.362
157,Ender Inciarte,578,0.078,81.1,0.329,0.319,0.29100000000000004,0.005190311418685121,0.14705882352941177,0.050173010380622836,0.29100000000000004,0.35100000000000003
158,Enrique Hernandez,244,0.115,83.4,0.234,0.27,0.297,0.028688524590163935,0.10245901639344263,0.07377049180327869,0.19,0.28300000000000003
159,Eric Campbell,88,0.114,81.8,0.235,0.237,0.278,0.011363636363636364,0.10227272727272728,0.10227272727272728,0.173,0.284
160,Eric Fryer,133,0.098,78.6,0.333,0.293,0.272,0.0,0.14285714285714285,0.09774436090225563,0.267,0.336
161,Eric Hosmer,667,0.085,87.3,0.301,0.326,0.339,0.037481259370314844,0.1199400299850075,0.15592203898050974,0.266,0.328
162,Erick Aybar,459,0.068,80.6,0.28300000000000003,0.271,0.257,0.006535947712418301,0.07407407407407407,0.07407407407407407,0.243,0.303
163,Erik Kratz,87,0.011,83.9,0.135,0.111,0.185,0.011494252873563218,0.034482758620689655,0.04597701149425287,0.094,0.105
164,Eugenio Suarez,627,0.081,82.3,0.304,0.316,0.307,0.03349282296650718,0.12440191387559808,0.11164274322169059,0.248,0.317
165,Evan Gattis,499,0.086,84.4,0.273,0.345,0.324,0.06412825651302605,0.11623246492985972,0.14428857715430862,0.251,0.319
166,Evan Longoria,685,0.061,86.3,0.298,0.35,0.358,0.052554744525547446,0.11824817518248175,0.14306569343065692,0.273,0.318
167,Ezequiel Carrera,310,0.087,79.6,0.311,0.301,0.273,0.01935483870967742,0.15161290322580645,0.07419354838709677,0.248,0.32299999999999995
168,Francisco Cervelli,393,0.142,83.0,0.329,0.318,0.33,0.002544529262086514,0.10687022900763359,0.08396946564885496,0.264,0.377
169,Francisco Lindor,684,0.083,84.6,0.324,0.34,0.338,0.021929824561403508,0.14473684210526316,0.11403508771929824,0.301,0.358
170,Franklin Gutierrez,283,0.102,87.1,0.309,0.336,0.368,0.04946996466431095,0.1166077738515901,0.13780918727915195,0.246,0.329
171,Freddie Freeman,693,0.128,85.8,0.37,0.402,0.408,0.049062049062049064,0.1471861471861472,0.13131313131313133,0.302,0.4
172,Freddy Galvis,624,0.04,81.2,0.28,0.284,0.267,0.03205128205128205,0.09775641025641026,0.10737179487179487,0.241,0.274
173,Gary Sanchez,229,0.105,86.3,0.317,0.425,0.395,0.08733624454148471,0.14847161572052403,0.18340611353711792,0.299,0.376
174,George Springer,744,0.118,83.2,0.317,0.353,0.353,0.038978494623655914,0.15591397849462366,0.11021505376344086,0.261,0.359
175,Geovany Soto,86,0.07,85.1,0.321,0.345,0.35200000000000004,0.046511627906976744,0.12790697674418605,0.10465116279069768,0.269,0.321
176,Gerardo Parra,381,0.024,82.9,0.297,0.284,0.285,0.01837270341207349,0.11811023622047244,0.10236220472440945,0.253,0.271
177,Giancarlo Stanton,470,0.106,86.7,0.29,0.344,0.34700000000000003,0.0574468085106383,0.11914893617021277,0.1574468085106383,0.24,0.326
178,Gordon Beckham,279,0.093,84.7,0.245,0.281,0.305,0.017921146953405017,0.08960573476702509,0.1111111111111111,0.212,0.294
179,Greg Garcia,257,0.14800000000000002,80.0,0.34600000000000003,0.338,0.335,0.011673151750972763,0.12840466926070038,0.06614785992217899,0.276,0.393
180,Gregor Blanco,274,0.106,80.1,0.279,0.272,0.276,0.0036496350364963502,0.10218978102189781,0.06569343065693431,0.224,0.309
181,Gregorio Petit,223,0.067,83.0,0.316,0.282,0.282,0.008968609865470852,0.09417040358744394,0.07623318385650224,0.245,0.299
182,Gregory Polanco,587,0.09,85.4,0.29100000000000004,0.331,0.341,0.03747870528109029,0.13458262350936967,0.1465076660988075,0.258,0.32299999999999995
183,Guillermo Heredia,107,0.112,78.3,0.289,0.303,0.29600000000000004,0.009345794392523364,0.11214953271028037,0.11214953271028037,0.25,0.349
184,Hank Conger,137,0.08800000000000001,84.2,0.259,0.254,0.236,0.021897810218978103,0.043795620437956206,0.072992700729927,0.194,0.265
185,Hanley Ramirez,620,0.097,85.2,0.315,0.3670000000000001,0.355,0.04838709677419355,0.13064516129032258,0.17903225806451614,0.28600000000000003,0.361
186,Hernan Perez,430,0.042,84.3,0.322,0.312,0.278,0.030232558139534883,0.11627906976744186,0.13023255813953488,0.272,0.302
187,Howie Kendrick,543,0.092,85.9,0.301,0.303,0.341,0.014732965009208104,0.11970534069981584,0.07366482504604052,0.255,0.326
188,Hunter Pence,442,0.097,86.2,0.348,0.349,0.334,0.029411764705882353,0.13122171945701358,0.12895927601809956,0.289,0.35700000000000004
189,Hyun Soo Kim,346,0.104,86.2,0.345,0.35200000000000004,0.349,0.017341040462427744,0.10404624277456648,0.06358381502890173,0.302,0.382
190,Ian Desmond,677,0.065,86.4,0.35,0.336,0.317,0.03249630723781388,0.15805022156573117,0.12703101920236337,0.285,0.335
191,Ian Kinsler,679,0.066,83.6,0.314,0.35600000000000004,0.328,0.041237113402061855,0.1723122238586156,0.12223858615611193,0.28800000000000003,0.348
192,Ichiro Suzuki,365,0.08199999999999999,79.5,0.329,0.32,0.298,0.0027397260273972603,0.13150684931506848,0.06027397260273973,0.29100000000000004,0.354
193,Ivan De Jesus,243,0.07,79.8,0.324,0.277,0.294,0.00411522633744856,0.08641975308641975,0.0823045267489712,0.253,0.311
194,J.B. Shuck,241,0.05,80.7,0.21,0.24,0.253,0.016597510373443983,0.11203319502074689,0.058091286307053944,0.205,0.248
195,J.D. Martinez,517,0.095,85.9,0.378,0.384,0.395,0.0425531914893617,0.13346228239845262,0.13152804642166344,0.307,0.373
196,J.J. Hardy,438,0.059,86.7,0.299,0.307,0.307,0.02054794520547945,0.09817351598173515,0.1095890410958904,0.269,0.309
197,J.T. Realmuto,545,0.051,84.2,0.35700000000000004,0.333,0.302,0.02018348623853211,0.11009174311926606,0.08807339449541285,0.303,0.343
198,Jace Peterson,408,0.127,83.7,0.29600000000000004,0.317,0.328,0.01715686274509804,0.11029411764705882,0.07107843137254902,0.254,0.35
199,Jackie Bradley Jr.,636,0.099,84.8,0.312,0.354,0.336,0.040880503144654086,0.14779874213836477,0.13679245283018868,0.267,0.349
200,Jacoby Ellsbury,626,0.086,82.3,0.295,0.308,0.3,0.01437699680511182,0.1134185303514377,0.08945686900958466,0.263,0.33
201,Jake Elmore,99,0.172,77.5,0.279,0.293,0.3,0.0,0.0707070707070707,0.04040404040404041,0.218,0.371
202,Jake Lamb,594,0.108,86.3,0.294,0.35200000000000004,0.35,0.04882154882154882,0.13636363636363635,0.1531986531986532,0.249,0.332
203,Jake Marisnick,311,0.051,79.8,0.275,0.257,0.254,0.01607717041800643,0.12861736334405144,0.06752411575562701,0.209,0.257
204,Jake Smolinski,319,0.06,83.6,0.257,0.284,0.313,0.0219435736677116,0.0877742946708464,0.08463949843260188,0.238,0.299
205,James Loney,366,0.044,83.5,0.275,0.302,0.32,0.02459016393442623,0.08196721311475409,0.09289617486338798,0.265,0.307
206,James McCann,373,0.062,82.4,0.28300000000000003,0.273,0.297,0.032171581769437,0.08310991957104558,0.128686327077748,0.221,0.272
207,Jarrett Parker,151,0.126,80.8,0.321,0.332,0.332,0.033112582781456956,0.1456953642384106,0.09271523178807947,0.236,0.358
208,Jarrod Dyson,337,0.077,78.7,0.315,0.316,0.274,0.002967359050445104,0.13649851632047477,0.07418397626112759,0.278,0.34
209,Jarrod Saltalamacchia,292,0.14,83.9,0.222,0.277,0.295,0.0410958904109589,0.10273972602739725,0.13013698630136986,0.171,0.284
210,Jason Castro,376,0.12,82.8,0.297,0.301,0.315,0.02925531914893617,0.10904255319148937,0.0851063829787234,0.21,0.307
211,Jason Heyward,592,0.091,82.9,0.266,0.282,0.303,0.011824324324324325,0.10304054054054054,0.08277027027027027,0.23,0.306
212,Jason Kipnis,688,0.087,84.6,0.324,0.34700000000000003,0.343,0.03343023255813953,0.13226744186046513,0.11918604651162791,0.275,0.343
213,Javier Baez,450,0.033,83.4,0.336,0.316,0.28,0.03111111111111111,0.1111111111111111,0.13111111111111112,0.273,0.314
214,Jay Bruce,589,0.075,84.3,0.266,0.34,0.337,0.05602716468590832,0.12563667232597622,0.16808149405772496,0.25,0.309
215,Jayson Werth,606,0.117,86.1,0.28800000000000003,0.327,0.34,0.034653465346534656,0.13861386138613863,0.11386138613861387,0.244,0.335
216,Jean Segura,694,0.056,83.8,0.353,0.371,0.334,0.02881844380403458,0.14697406340057637,0.09221902017291066,0.319,0.368
217,Jed Lowrie,369,0.07,81.1,0.316,0.282,0.294,0.005420054200542005,0.08130081300813008,0.07317073170731707,0.263,0.314
218,Jedd Gyorko,438,0.084,84.4,0.244,0.339,0.34,0.0684931506849315,0.1324200913242009,0.13470319634703196,0.243,0.306
219,Jeff Francoeur,331,0.06,83.5,0.333,0.29,0.285,0.021148036253776436,0.09969788519637462,0.1027190332326284,0.254,0.297
220,Jeff Mathis,132,0.03,81.4,0.318,0.261,0.237,0.015151515151515152,0.09090909090909091,0.11363636363636363,0.238,0.267
221,Jefry Marte,284,0.063,85.4,0.267,0.335,0.319,0.0528169014084507,0.13380281690140844,0.15492957746478872,0.252,0.31
222,Jeremy Hazelbaker,224,0.08,81.8,0.278,0.324,0.284,0.05357142857142857,0.15625,0.125,0.235,0.295
223,Jett Bandy,231,0.048,83.1,0.246,0.289,0.29100000000000004,0.03463203463203463,0.09956709956709957,0.10822510822510822,0.234,0.281
224,Jhonny Peralta,313,0.064,84.5,0.294,0.308,0.319,0.025559105431309903,0.1182108626198083,0.0926517571884984,0.26,0.307
225,Ji-Man Choi,129,0.124,84.6,0.173,0.267,0.302,0.03875968992248062,0.06976744186046512,0.09302325581395349,0.17,0.271
226,Jimmy Paredes,167,0.042,84.2,0.28300000000000003,0.266,0.28,0.029940119760479042,0.08982035928143713,0.11377245508982035,0.222,0.253
227,Jimmy Rollins,166,0.096,81.3,0.27,0.277,0.256,0.012048192771084338,0.15060240963855423,0.04819277108433735,0.221,0.295
228,Joc Pederson,476,0.132,84.9,0.29600000000000004,0.36,0.35,0.052521008403361345,0.13445378151260504,0.14285714285714285,0.246,0.35200000000000004
229,Joe Mauer,576,0.13699999999999998,86.0,0.301,0.327,0.3720000000000001,0.019097222222222224,0.11805555555555555,0.08506944444444445,0.261,0.363
230,Joe Panik,526,0.095,83.0,0.245,0.3,0.33,0.019011406844106463,0.12737642585551331,0.11787072243346007,0.239,0.315
231,Joey Rickard,282,0.064,80.1,0.32,0.304,0.275,0.01773049645390071,0.11347517730496454,0.0673758865248227,0.268,0.319
232,Joey Votto,677,0.16,84.4,0.366,0.413,0.413,0.04283604135893648,0.14918759231905465,0.1432791728212703,0.326,0.434
233,Joey Wendle,104,0.058,86.9,0.29600000000000004,0.265,0.297,0.009615384615384616,0.10576923076923077,0.10576923076923077,0.26,0.298
234,John Jaso,432,0.104,83.1,0.314,0.335,0.335,0.018518518518518517,0.10416666666666667,0.09722222222222222,0.268,0.353
235,John Ryan Murphy,90,0.056,83.1,0.175,0.184,0.244,0.011111111111111112,0.044444444444444446,0.03333333333333333,0.146,0.193
236,Johnny Giavotella,367,0.035,82.6,0.276,0.285,0.29,0.01634877384196185,0.11989100817438691,0.08446866485013624,0.26,0.287
237,Jon Jay,373,0.051,81.2,0.371,0.319,0.29,0.005361930294906166,0.13136729222520108,0.06970509383378017,0.29100000000000004,0.339
238,Jonathan Lucroy,544,0.086,84.6,0.322,0.362,0.354,0.04411764705882353,0.12316176470588236,0.1488970588235294,0.292,0.355
239,Jonathan Schoop,647,0.032,82.9,0.305,0.32,0.297,0.03863987635239567,0.1267387944358578,0.1267387944358578,0.267,0.298
240,Jonathan Villar,679,0.116,84.7,0.373,0.35600000000000004,0.313,0.027982326951399118,0.13549337260677466,0.09278350515463918,0.285,0.369
241,Jordy Mercer,584,0.087,82.2,0.28600000000000003,0.304,0.301,0.018835616438356163,0.11301369863013698,0.10102739726027397,0.256,0.328
242,Jorge Polanco,270,0.063,82.8,0.328,0.326,0.306,0.014814814814814815,0.08888888888888889,0.1,0.282,0.332
243,Jorge Soler,264,0.117,85.7,0.276,0.333,0.325,0.045454545454545456,0.14015151515151514,0.11742424242424243,0.238,0.333
244,Jose Abreu,695,0.068,84.9,0.327,0.349,0.354,0.03597122302158273,0.09640287769784173,0.14388489208633093,0.293,0.353
245,Jose Altuve,717,0.084,83.8,0.34700000000000003,0.391,0.384,0.03347280334728033,0.1506276150627615,0.13389121338912133,0.338,0.396
246,Jose Bautista,517,0.168,86.8,0.255,0.355,0.371,0.0425531914893617,0.13152804642166344,0.13346228239845262,0.234,0.366
247,Jose Iglesias,513,0.055,79.8,0.276,0.28300000000000003,0.272,0.007797270955165692,0.1111111111111111,0.06237816764132553,0.255,0.306
248,Jose Lobaton,114,0.105,85.4,0.253,0.301,0.35100000000000003,0.02631578947368421,0.08771929824561403,0.07017543859649122,0.232,0.319
249,Jose Peraza,256,0.027000000000000003,80.8,0.361,0.331,0.319,0.01171875,0.09765625,0.09765625,0.324,0.35200000000000004
250,Jose Ramirez,618,0.071,83.6,0.333,0.355,0.332,0.01779935275080906,0.13592233009708737,0.12297734627831715,0.312,0.363
251,Jose Reyes,279,0.08199999999999999,80.7,0.302,0.329,0.3,0.02867383512544803,0.16129032258064516,0.08602150537634409,0.267,0.326
252,Josh Bell,152,0.138,84.3,0.294,0.339,0.35200000000000004,0.019736842105263157,0.11842105263157894,0.125,0.273,0.368
253,Josh Donaldson,700,0.156,86.7,0.3,0.403,0.41,0.05285714285714286,0.1742857142857143,0.14142857142857143,0.284,0.404
254,Josh Harrison,522,0.034,82.3,0.32299999999999995,0.301,0.276,0.007662835249042145,0.10919540229885058,0.11302681992337164,0.28300000000000003,0.311
255,Josh Phegley,86,0.058,82.1,0.292,0.3,0.321,0.011627906976744186,0.12790697674418605,0.11627906976744186,0.256,0.314
256,Josh Reddick,439,0.08900000000000001,83.0,0.306,0.324,0.332,0.022779043280182234,0.12072892938496584,0.08428246013667426,0.281,0.345
257,Josh Thole,136,0.096,80.2,0.209,0.22,0.265,0.007352941176470588,0.051470588235294115,0.051470588235294115,0.16899999999999998,0.254
258,Juan Centeno,192,0.063,81.2,0.319,0.306,0.28,0.015625,0.08333333333333333,0.13020833333333334,0.261,0.312
259,Juan Lagares,160,0.069,81.6,0.274,0.294,0.299,0.01875,0.09375,0.05625,0.239,0.301
260,Juan Uribe,259,0.058,83.0,0.227,0.256,0.326,0.02702702702702703,0.07335907335907337,0.09652509652509653,0.206,0.259
261,Jung Ho Kang,370,0.097,84.3,0.273,0.369,0.364,0.05675675675675676,0.12162162162162163,0.16756756756756758,0.255,0.354
262,Jurickson Profar,307,0.098,82.5,0.29100000000000004,0.295,0.289,0.016286644951140065,0.11400651465798045,0.06514657980456026,0.239,0.321
263,Justin Bour,321,0.118,87.2,0.278,0.343,0.382,0.04672897196261682,0.10903426791277258,0.1588785046728972,0.264,0.349
264,Justin Morneau,218,0.055,83.1,0.32,0.311,0.292,0.027522935779816515,0.07339449541284404,0.11467889908256881,0.261,0.303
265,Justin Smoak,341,0.117,84.6,0.295,0.309,0.33,0.04105571847507331,0.0967741935483871,0.09970674486803519,0.217,0.314
266,Justin Turner,622,0.077,85.8,0.293,0.353,0.358,0.04340836012861737,0.1270096463022508,0.14469453376205788,0.275,0.339
267,Justin Upton,626,0.08,85.9,0.301,0.329,0.342,0.04952076677316294,0.12939297124600638,0.1389776357827476,0.246,0.31
268,Kaleb Cowart,87,0.0,82.7,0.226,0.19,0.232,0.011494252873563218,0.09195402298850575,0.09195402298850575,0.17600000000000002,0.184
269,Kelby Tomlinson,120,0.1,79.7,0.35200000000000004,0.314,0.308,0.0,0.10833333333333334,0.05,0.292,0.37
270,Kelly Johnson,333,0.075,83.8,0.281,0.301,0.322,0.03003003003003003,0.07507507507507508,0.1021021021021021,0.247,0.306
271,Kendrys Morales,618,0.078,88.0,0.28300000000000003,0.339,0.399,0.04854368932038835,0.10517799352750809,0.15048543689320387,0.263,0.327
272,Kennys Vargas,177,0.136,84.5,0.29100000000000004,0.35200000000000004,0.332,0.05649717514124294,0.15254237288135594,0.11299435028248588,0.23,0.333
273,Keon Broxton,244,0.14800000000000002,84.9,0.373,0.343,0.319,0.036885245901639344,0.11475409836065574,0.0778688524590164,0.242,0.354
274,Ketel Marte,466,0.039,80.1,0.313,0.266,0.25,0.002145922746781116,0.11802575107296137,0.07081545064377683,0.259,0.287
275,Kevin Kiermaier,414,0.097,81.7,0.278,0.32299999999999995,0.306,0.028985507246376812,0.13285024154589373,0.0893719806763285,0.246,0.331
276,Kevin Pillar,584,0.041,81.8,0.306,0.295,0.28300000000000003,0.011986301369863013,0.10102739726027397,0.09075342465753425,0.266,0.303
277,Kevin Plawecki,151,0.113,80.0,0.255,0.255,0.248,0.006622516556291391,0.039735099337748346,0.0728476821192053,0.197,0.298
278,Khris Davis,610,0.069,86.5,0.27,0.349,0.365,0.06885245901639345,0.13934426229508196,0.16721311475409836,0.247,0.307
279,Kirk Nieuwenhuis,392,0.14300000000000002,85.0,0.302,0.313,0.313,0.03316326530612245,0.09693877551020408,0.11224489795918367,0.209,0.324
280,Kole Calhoun,672,0.1,85.3,0.309,0.34,0.354,0.026785714285714284,0.13541666666666666,0.11160714285714286,0.271,0.348
281,Kolten Wong,361,0.094,81.7,0.268,0.3,0.305,0.013850415512465374,0.10803324099722991,0.06371191135734072,0.24,0.327
282,Kris Bryant,699,0.107,84.0,0.332,0.396,0.383,0.055793991416309016,0.17310443490701002,0.1459227467811159,0.292,0.385
283,Kurt Suzuki,373,0.048,83.0,0.276,0.303,0.29100000000000004,0.021447721179624665,0.09115281501340483,0.13136729222520108,0.258,0.301
284,Kyle Seager,676,0.102,86.7,0.295,0.363,0.386,0.04437869822485207,0.13165680473372782,0.14644970414201183,0.278,0.359
285,Leonys Martin,576,0.076,80.6,0.313,0.298,0.275,0.026041666666666668,0.125,0.08159722222222222,0.247,0.306
286,Logan Forsythe,567,0.081,85.0,0.314,0.336,0.35,0.03527336860670194,0.13403880070546736,0.09171075837742504,0.264,0.333
287,Logan Morrison,398,0.093,84.9,0.278,0.318,0.34,0.035175879396984924,0.11306532663316583,0.10804020100502512,0.238,0.319
288,Lonnie Chisenhall,418,0.055,79.9,0.328,0.327,0.294,0.019138755980861243,0.10287081339712918,0.13636363636363635,0.28600000000000003,0.328
289,Lorenzo Cain,434,0.071,83.6,0.341,0.322,0.317,0.020737327188940093,0.12903225806451613,0.12903225806451613,0.287,0.339
290,Lucas Duda,172,0.087,85.6,0.25,0.304,0.362,0.040697674418604654,0.11627906976744186,0.13372093023255813,0.229,0.302
291,Luis Sardinas,197,0.061,82.0,0.313,0.279,0.255,0.02030456852791878,0.12690355329949238,0.09137055837563451,0.244,0.295
292,Luis Valbuena,342,0.129,81.0,0.315,0.35100000000000003,0.327,0.038011695906432746,0.1111111111111111,0.11695906432748537,0.26,0.35700000000000004
293,Luke Maile,126,0.032,82.5,0.3,0.26,0.246,0.023809523809523808,0.07936507936507936,0.11904761904761904,0.227,0.252
294,Mac Williamson,127,0.102,87.6,0.268,0.317,0.322,0.047244094488188976,0.11023622047244094,0.11811023622047244,0.223,0.315
295,Madison Bumgarner,97,0.103,84.3,0.317,0.274,0.238,0.030927835051546393,0.08247422680412371,0.09278350515463918,0.18600000000000005,0.268
296,Maikel Franco,630,0.063,85.1,0.271,0.311,0.326,0.03968253968253968,0.10634920634920635,0.13968253968253969,0.255,0.306
297,Mallex Smith,215,0.093,76.9,0.302,0.3,0.25,0.013953488372093023,0.13023255813953488,0.10232558139534884,0.238,0.316
298,Manny Machado,696,0.069,85.6,0.309,0.366,0.3720000000000001,0.05316091954022988,0.15086206896551724,0.13793103448275862,0.294,0.343
299,Marcell Ozuna,608,0.071,86.9,0.29600000000000004,0.33,0.339,0.03782894736842105,0.12335526315789473,0.125,0.266,0.321
300,Marcus Semien,621,0.08199999999999999,82.5,0.268,0.315,0.299,0.043478260869565216,0.11594202898550725,0.12077294685990338,0.238,0.3
301,Mark Reynolds,441,0.095,82.6,0.361,0.349,0.31,0.031746031746031744,0.1383219954648526,0.12018140589569161,0.282,0.35600000000000004
302,Mark Teixeira,438,0.107,84.5,0.238,0.287,0.317,0.03424657534246575,0.09817351598173515,0.1004566210045662,0.204,0.292
303,Mark Trumbo,667,0.076,86.7,0.278,0.358,0.371,0.0704647676161919,0.1409295352323838,0.1619190404797601,0.256,0.316
304,Marlon Byrd,129,0.085,80.5,0.34700000000000003,0.328,0.302,0.03875968992248062,0.08527131782945736,0.14728682170542637,0.27,0.326
305,Martin Maldonado,253,0.138,83.0,0.234,0.294,0.322,0.03162055335968379,0.08300395256916997,0.08300395256916997,0.202,0.332
306,Martin Prado,658,0.07400000000000001,84.3,0.331,0.335,0.328,0.0121580547112462,0.10638297872340426,0.11398176291793313,0.305,0.359
307,Marwin Gonzalez,518,0.042,83.1,0.311,0.298,0.285,0.025096525096525095,0.10617760617760617,0.09845559845559845,0.254,0.293
308,Matt Adams,327,0.076,84.9,0.28600000000000003,0.331,0.333,0.04892966360856269,0.11314984709480122,0.1651376146788991,0.249,0.309
309,Matt Carpenter,566,0.14300000000000002,86.1,0.307,0.375,0.397,0.037102473498233215,0.1431095406360424,0.12014134275618374,0.271,0.38
310,Matt Duffy,366,0.063,83.6,0.29,0.292,0.312,0.01366120218579235,0.11202185792349727,0.07650273224043716,0.258,0.31
311,Matt Holliday,426,0.08199999999999999,88.3,0.253,0.335,0.354,0.046948356807511735,0.11267605633802817,0.14553990610328638,0.246,0.322
312,Matt Joyce,293,0.201,85.1,0.285,0.375,0.37,0.04436860068259386,0.15358361774744028,0.14334470989761092,0.242,0.403
313,Matt Kemp,672,0.054000000000000006,83.7,0.297,0.333,0.35,0.052083333333333336,0.1324404761904762,0.16071428571428573,0.268,0.304
314,Matt Reynolds,96,0.042,80.7,0.327,0.29100000000000004,0.26,0.03125,0.11458333333333333,0.13541666666666666,0.225,0.266
315,Matt Szczur,200,0.065,80.3,0.305,0.305,0.28300000000000003,0.025,0.15,0.12,0.259,0.312
316,Matt Wieters,464,0.069,83.9,0.265,0.307,0.333,0.036637931034482756,0.10344827586206896,0.14224137931034483,0.243,0.302
317,Max Kepler,447,0.094,84.1,0.261,0.313,0.295,0.03803131991051454,0.116331096196868,0.14093959731543623,0.235,0.309
318,Max Muncy,133,0.15,80.5,0.218,0.262,0.315,0.015037593984962405,0.09774436090225563,0.06015037593984962,0.18600000000000005,0.308
319,Melky Cabrera,646,0.073,84.3,0.314,0.342,0.318,0.021671826625386997,0.10835913312693499,0.13312693498452013,0.29600000000000004,0.345
320,Melvin Upton Jr.,539,0.069,84.0,0.3,0.297,0.293,0.03710575139146568,0.11873840445269017,0.11317254174397032,0.238,0.29100000000000004
321,Michael Bourn,413,0.068,79.8,0.336,0.298,0.264,0.012106537530266344,0.1162227602905569,0.09200968523002422,0.264,0.314
322,Michael Conforto,348,0.103,85.1,0.267,0.312,0.329,0.034482758620689655,0.10919540229885058,0.1206896551724138,0.22,0.31
323,Michael Martinez,106,0.038,79.7,0.299,0.252,0.212,0.009433962264150943,0.1509433962264151,0.03773584905660377,0.238,0.267
324,Michael Saunders,558,0.106,84.4,0.321,0.348,0.326,0.043010752688172046,0.12544802867383512,0.10215053763440861,0.253,0.338
325,Michael Taylor,237,0.059,81.3,0.319,0.28300000000000003,0.28300000000000003,0.029535864978902954,0.11814345991561181,0.06751054852320675,0.231,0.278
326,Miguel Cabrera,679,0.11,87.7,0.336,0.399,0.459,0.055964653902798235,0.13549337260677466,0.15905743740795286,0.316,0.393
327,Miguel Montero,284,0.134,82.0,0.249,0.299,0.302,0.028169014084507043,0.11619718309859155,0.11619718309859155,0.21600000000000005,0.327
328,Miguel Rojas,214,0.051,78.7,0.28,0.265,0.249,0.004672897196261682,0.1261682242990654,0.06542056074766354,0.247,0.28800000000000003
329,Miguel Sano,495,0.109,87.0,0.329,0.334,0.325,0.050505050505050504,0.11515151515151516,0.13333333333333333,0.236,0.319
330,Mike Aviles,181,0.05,81.0,0.245,0.236,0.265,0.0055248618784530384,0.09392265193370165,0.03314917127071823,0.21,0.258
331,Mike Moustakas,113,0.08,87.0,0.214,0.339,0.375,0.061946902654867256,0.10619469026548672,0.11504424778761062,0.24,0.301
332,Mike Napoli,645,0.121,84.5,0.29600000000000004,0.343,0.341,0.05271317829457364,0.14263565891472868,0.15658914728682172,0.239,0.335
333,Mike Trout,681,0.17,84.7,0.371,0.418,0.4270000000000001,0.042584434654919234,0.18061674008810572,0.14684287812041116,0.315,0.441
334,Mike Zunino,192,0.109,84.4,0.25,0.338,0.322,0.0625,0.08333333333333333,0.16145833333333334,0.207,0.318
335,Mikie Mahtook,196,0.036000000000000004,84.2,0.287,0.229,0.236,0.015306122448979591,0.08163265306122448,0.05612244897959184,0.195,0.231
336,Mitch Haniger,123,0.098,86.4,0.256,0.303,0.32,0.04065040650406504,0.07317073170731707,0.13821138211382114,0.229,0.309
337,Mitch Moreland,503,0.07,85.2,0.266,0.307,0.344,0.0437375745526839,0.09741550695825049,0.11928429423459244,0.233,0.298
338,Mookie Betts,730,0.067,85.5,0.322,0.379,0.336,0.04246575342465753,0.16712328767123288,0.1547945205479452,0.318,0.363
339,Neil Walker,458,0.092,84.5,0.302,0.35100000000000003,0.35700000000000004,0.05021834061135371,0.12445414847161572,0.12008733624454149,0.282,0.34700000000000003
340,Nelson Cruz,667,0.093,87.7,0.32,0.383,0.398,0.06446776611694154,0.14392803598200898,0.15742128935532235,0.287,0.36
341,Nicholas Castellanos,447,0.063,83.4,0.345,0.35,0.379,0.040268456375838924,0.12080536912751678,0.1297539149888143,0.285,0.331
342,Nick Ahmed,308,0.049,82.8,0.258,0.245,0.271,0.012987012987012988,0.08441558441558442,0.06493506493506493,0.218,0.265
343,Nick Buss,90,0.067,77.5,0.259,0.254,0.25,0.011111111111111112,0.07777777777777778,0.08888888888888889,0.198,0.247
344,Nick Franklin,191,0.063,82.0,0.325,0.331,0.279,0.031413612565445025,0.09424083769633508,0.13612565445026178,0.27,0.328
345,Nick Hundley,317,0.079,84.4,0.302,0.32299999999999995,0.308,0.031545741324921134,0.0946372239747634,0.15141955835962145,0.26,0.32
346,Nick Markakis,684,0.104,86.6,0.3,0.321,0.349,0.019005847953216373,0.097953216374269,0.1301169590643275,0.269,0.34600000000000003
347,Nolan Arenado,696,0.098,85.7,0.293,0.386,0.35100000000000003,0.05890804597701149,0.16666666666666666,0.1910919540229885,0.294,0.362
348,Nolan Reimold,227,0.097,81.7,0.287,0.292,0.274,0.02643171806167401,0.11013215859030837,0.06607929515418502,0.222,0.3
349,Nomar Mazara,568,0.069,82.7,0.299,0.318,0.326,0.035211267605633804,0.10387323943661972,0.11267605633802817,0.266,0.32
350,Norichika Aoki,467,0.073,83.2,0.309,0.325,0.279,0.008565310492505354,0.1349036402569593,0.059957173447537475,0.28300000000000003,0.349
351,Odubel Herrera,656,0.096,81.7,0.349,0.338,0.304,0.022865853658536585,0.1326219512195122,0.07469512195121951,0.28600000000000003,0.361
352,Omar Infante,149,0.06,81.3,0.278,0.26,0.277,0.0,0.10738255033557047,0.0738255033557047,0.239,0.279
353,Omar Narvaez,117,0.12,80.4,0.295,0.304,0.311,0.008547008547008548,0.1111111111111111,0.08547008547008547,0.267,0.35
354,Orlando Arcia,216,0.069,83.2,0.267,0.274,0.25,0.018518518518518517,0.09722222222222222,0.0787037037037037,0.219,0.273
355,Oswaldo Arcia,222,0.081,81.5,0.287,0.277,0.28600000000000003,0.036036036036036036,0.07657657657657657,0.1036036036036036,0.203,0.27
356,Paul Goldschmidt,705,0.156,86.1,0.358,0.382,0.376,0.03404255319148936,0.150354609929078,0.1347517730496454,0.297,0.411
357,Paulo Orlando,484,0.027000000000000003,83.9,0.38,0.317,0.301,0.010330578512396695,0.10743801652892562,0.08884297520661157,0.302,0.329
358,Pedro Alvarez,376,0.098,87.3,0.282,0.349,0.359,0.05851063829787234,0.11436170212765957,0.13031914893617022,0.249,0.322
359,Peter Bourjos,383,0.044,81.3,0.32299999999999995,0.29100000000000004,0.246,0.013054830287206266,0.10443864229765012,0.06005221932114883,0.251,0.292
360,Phil Gosselin,240,0.063,82.9,0.339,0.302,0.28,0.008333333333333333,0.10833333333333334,0.05416666666666667,0.277,0.324
361,Preston Tucker,144,0.056,83.9,0.2,0.239,0.256,0.027777777777777776,0.0763888888888889,0.05555555555555555,0.16399999999999998,0.222
362,Prince Fielder,370,0.086,84.3,0.235,0.276,0.32299999999999995,0.021621621621621623,0.07837837837837838,0.11891891891891893,0.212,0.292
363,Rafael Ortega,202,0.064,81.5,0.261,0.257,0.274,0.0049504950495049506,0.1188118811881188,0.07920792079207921,0.232,0.28300000000000003
364,Rajai Davis,495,0.067,81.2,0.299,0.302,0.275,0.024242424242424242,0.1494949494949495,0.09696969696969697,0.249,0.306
365,Ramiro Pena,91,0.022,80.6,0.35700000000000004,0.322,0.27,0.01098901098901099,0.0989010989010989,0.10989010989010989,0.299,0.33
366,Ramon Cabrera,185,0.043,83.3,0.277,0.272,0.256,0.016216216216216217,0.05945945945945946,0.12432432432432433,0.246,0.279
367,Ramon Flores,289,0.107,80.9,0.254,0.25,0.276,0.006920415224913495,0.06228373702422145,0.0657439446366782,0.205,0.294
368,Randal Grichuk,478,0.059,86.1,0.294,0.325,0.317,0.0502092050209205,0.13807531380753138,0.14225941422594143,0.24,0.289
369,Raul Mondesi,149,0.04,78.8,0.271,0.226,0.218,0.013422818791946308,0.10738255033557047,0.087248322147651,0.185,0.231
370,Rene Rivera,207,0.077,81.0,0.276,0.273,0.294,0.028985507246376812,0.057971014492753624,0.12560386473429952,0.222,0.29100000000000004
371,Rickie Weeks Jr.,205,0.098,85.9,0.28800000000000003,0.335,0.373,0.04390243902439024,0.14146341463414633,0.13170731707317074,0.239,0.327
372,Rob Refsnyder,175,0.103,85.5,0.304,0.282,0.316,0.0,0.14285714285714285,0.06857142857142857,0.25,0.328
373,Robbie Grossman,389,0.141,81.8,0.364,0.363,0.333,0.028277634961439587,0.12596401028277635,0.09511568123393316,0.28,0.386
374,Roberto Perez,184,0.125,82.8,0.229,0.261,0.293,0.016304347826086956,0.07608695652173914,0.09239130434782608,0.183,0.285
375,Robinson Cano,715,0.066,85.9,0.299,0.37,0.36,0.05454545454545454,0.14965034965034965,0.14405594405594405,0.298,0.35
376,Robinson Chirinos,170,0.08800000000000001,81.4,0.25,0.338,0.311,0.052941176470588235,0.12352941176470589,0.11764705882352941,0.224,0.314
377,Ronald Torreyes,168,0.06,82.0,0.289,0.295,0.277,0.005952380952380952,0.11904761904761904,0.07142857142857142,0.258,0.305
378,Rougned Odor,632,0.03,84.4,0.297,0.336,0.31,0.05221518987341772,0.14082278481012658,0.13924050632911392,0.271,0.29600000000000004
379,Russell Martin,535,0.12,84.4,0.29100000000000004,0.322,0.328,0.037383177570093455,0.11588785046728972,0.1383177570093458,0.231,0.335
380,Ryan Braun,564,0.08199999999999999,86.6,0.326,0.378,0.355,0.05319148936170213,0.14184397163120568,0.16134751773049646,0.305,0.365
381,Ryan Flaherty,176,0.097,83.0,0.29,0.269,0.27,0.017045454545454544,0.09090909090909091,0.08522727272727272,0.217,0.29100000000000004
382,Ryan Goins,196,0.046,82.8,0.235,0.232,0.244,0.015306122448979591,0.0663265306122449,0.061224489795918366,0.18600000000000005,0.228
383,Ryan Hanigan,113,0.062,79.8,0.221,0.212,0.227,0.008849557522123894,0.07964601769911504,0.12389380530973451,0.171,0.23
384,Ryan Howard,362,0.075,86.0,0.205,0.298,0.353,0.06906077348066299,0.09668508287292818,0.16298342541436464,0.196,0.257
385,Ryan Raburn,256,0.109,85.2,0.292,0.309,0.28300000000000003,0.03515625,0.1171875,0.1171875,0.22,0.309
386,Ryan Rua,269,0.078,84.6,0.342,0.317,0.29,0.02973977695167286,0.14869888475836432,0.08178438661710037,0.258,0.331
387,Ryan Schimpf,330,0.127,84.9,0.26,0.362,0.339,0.06060606060606061,0.14545454545454545,0.15454545454545454,0.217,0.336
388,Ryan Zimmerman,467,0.062,87.2,0.248,0.277,0.315,0.032119914346895075,0.1284796573875803,0.09850107066381156,0.218,0.272
389,Ryon Healy,283,0.042,84.7,0.35200000000000004,0.364,0.349,0.045936395759717315,0.127208480565371,0.13074204946996468,0.305,0.337
390,Salvador Perez,546,0.04,84.4,0.28,0.308,0.293,0.040293040293040296,0.1043956043956044,0.11721611721611722,0.247,0.28800000000000003
391,Sandy Leon,283,0.081,80.6,0.392,0.362,0.305,0.024734982332155476,0.127208480565371,0.12367491166077739,0.31,0.369
392,Scooter Gennett,542,0.07,83.8,0.315,0.315,0.281,0.025830258302583026,0.1070110701107011,0.1033210332103321,0.263,0.317
393,Scott Schebler,282,0.067,84.8,0.312,0.328,0.312,0.031914893617021274,0.1276595744680851,0.14184397163120568,0.265,0.33
394,Scott Van Slyke,113,0.044,81.8,0.282,0.267,0.34700000000000003,0.008849557522123894,0.08849557522123894,0.061946902654867256,0.225,0.292
395,Sean Rodriguez,342,0.096,85.1,0.344,0.363,0.344,0.05263157894736842,0.14327485380116958,0.16374269005847952,0.27,0.349
396,Seth Smith,438,0.11,84.7,0.282,0.331,0.3670000000000001,0.0365296803652968,0.1415525114155251,0.14383561643835616,0.249,0.342
397,Shane Robinson,111,0.09,79.3,0.2,0.227,0.241,0.009009009009009009,0.14414414414414414,0.09009009009009009,0.173,0.257
398,Shawn O'Malley,232,0.078,76.9,0.309,0.276,0.239,0.008620689655172414,0.10344827586206896,0.07327586206896551,0.229,0.299
399,Shin-Soo Choo,210,0.119,86.4,0.28800000000000003,0.334,0.385,0.03333333333333333,0.12857142857142856,0.08095238095238096,0.242,0.35700000000000004
400,Socrates Brito,97,0.021,79.9,0.191,0.233,0.276,0.041237113402061855,0.10309278350515463,0.12371134020618557,0.179,0.196
401,Starlin Castro,610,0.039,83.7,0.305,0.313,0.31,0.03442622950819672,0.10327868852459017,0.11475409836065574,0.27,0.3
402,Starling Marte,529,0.043,81.9,0.38,0.35100000000000003,0.326,0.017013232514177693,0.1342155009451796,0.08695652173913043,0.311,0.362
403,Stephen Drew,165,0.097,84.4,0.278,0.362,0.35200000000000004,0.048484848484848485,0.14545454545454545,0.12727272727272726,0.266,0.339
404,Stephen Piscotty,649,0.079,83.8,0.319,0.345,0.345,0.03389830508474576,0.1325115562403698,0.13097072419106318,0.273,0.343
405,Stephen Vogt,532,0.066,82.2,0.275,0.305,0.315,0.02631578947368421,0.10150375939849623,0.10526315789473684,0.251,0.305
406,Steve Pearce,302,0.113,85.8,0.318,0.371,0.365,0.04304635761589404,0.11589403973509933,0.11589403973509933,0.28800000000000003,0.374
407,Steven Moya,100,0.05,83.0,0.365,0.331,0.28800000000000003,0.05,0.09,0.11,0.255,0.29
408,Steven Souza Jr.,468,0.066,83.0,0.348,0.308,0.3,0.03632478632478633,0.12393162393162394,0.1047008547008547,0.247,0.303
409,T.J. Rivera,113,0.027000000000000003,82.1,0.36,0.34600000000000003,0.29600000000000004,0.02654867256637168,0.08849557522123894,0.1415929203539823,0.333,0.345
410,Taylor Motter,93,0.118,79.8,0.217,0.267,0.282,0.021505376344086023,0.11827956989247312,0.0967741935483871,0.188,0.29
411,Teoscar Hernandez,112,0.098,85.2,0.275,0.308,0.274,0.03571428571428571,0.13392857142857142,0.09821428571428571,0.23,0.304
412,Tim Anderson,431,0.03,82.6,0.375,0.315,0.279,0.02088167053364269,0.13225058004640372,0.06960556844547564,0.28300000000000003,0.306
413,Tim Beckham,215,0.065,82.2,0.349,0.314,0.275,0.023255813953488372,0.11627906976744186,0.07441860465116279,0.247,0.3
414,Todd Frazier,666,0.096,83.1,0.236,0.326,0.315,0.06006006006006006,0.13363363363363365,0.14714714714714713,0.225,0.302
415,Tommy Joseph,347,0.063,84.1,0.267,0.342,0.34600000000000003,0.06051873198847262,0.13544668587896252,0.13544668587896252,0.257,0.308
416,Tommy La Stella,169,0.107,84.8,0.319,0.333,0.34,0.011834319526627219,0.10059171597633136,0.0650887573964497,0.27,0.35700000000000004
417,Tommy Pham,183,0.109,85.9,0.342,0.33,0.329,0.04918032786885246,0.14207650273224043,0.09289617486338798,0.226,0.324
418,Tony Kemp,136,0.103,80.4,0.269,0.275,0.265,0.007352941176470588,0.11029411764705882,0.051470588235294115,0.217,0.29600000000000004
419,Tony Wolters,230,0.091,79.6,0.336,0.312,0.267,0.013043478260869565,0.11739130434782609,0.13043478260869565,0.259,0.327
420,Travis Jankowski,383,0.11,78.4,0.343,0.293,0.272,0.005221932114882507,0.13838120104438642,0.031331592689295036,0.245,0.332
421,Travis Shaw,530,0.081,82.9,0.299,0.31,0.311,0.03018867924528302,0.11886792452830189,0.1339622641509434,0.242,0.306
422,Travis d'Arnaud,276,0.069,84.1,0.293,0.279,0.287,0.014492753623188406,0.09782608695652174,0.05434782608695652,0.247,0.307
423,Trayce Thompson,262,0.099,83.3,0.255,0.318,0.319,0.04961832061068702,0.1183206106870229,0.12213740458015267,0.225,0.302
424,Trea Turner,324,0.043,85.2,0.388,0.395,0.34,0.040123456790123455,0.16358024691358025,0.12345679012345678,0.342,0.37
425,Trevor Brown,184,0.054000000000000006,80.9,0.279,0.282,0.246,0.02717391304347826,0.09239130434782608,0.10326086956521739,0.237,0.28300000000000003
426,Trevor Plouffe,344,0.055,85.2,0.284,0.311,0.327,0.03488372093023256,0.10174418604651163,0.13662790697674418,0.26,0.303
427,Trevor Story,415,0.084,83.6,0.343,0.38,0.35600000000000004,0.06506024096385542,0.1614457831325301,0.17349397590361446,0.272,0.341
428,Troy Tulowitzki,544,0.079,85.1,0.272,0.327,0.354,0.04411764705882353,0.09926470588235294,0.14522058823529413,0.254,0.318
429,Tucker Barnhart,420,0.086,81.8,0.299,0.3,0.313,0.016666666666666666,0.08095238095238096,0.12142857142857143,0.257,0.32299999999999995
430,Tuffy Gosewisch,99,0.071,81.9,0.16899999999999998,0.228,0.252,0.030303030303030304,0.08080808080808081,0.0707070707070707,0.156,0.224
431,Tyler Austin,90,0.078,83.8,0.35700000000000004,0.324,0.287,0.05555555555555555,0.07777777777777778,0.13333333333333333,0.241,0.3
432,Tyler Collins,151,0.086,83.7,0.295,0.299,0.289,0.026490066225165563,0.09271523178807947,0.09933774834437085,0.235,0.305
433,Tyler Flowers,325,0.08900000000000001,86.0,0.366,0.338,0.34700000000000003,0.024615384615384615,0.08307692307692308,0.12615384615384614,0.27,0.35700000000000004
434,Tyler Goeddel,234,0.073,83.1,0.234,0.244,0.259,0.017094017094017096,0.07264957264957266,0.06837606837606838,0.192,0.258
435,Tyler Holt,208,0.111,78.8,0.318,0.28300000000000003,0.265,0.0,0.10096153846153846,0.0625,0.235,0.327
436,Tyler Naquin,365,0.099,82.8,0.411,0.374,0.33,0.038356164383561646,0.14246575342465753,0.1178082191780822,0.29600000000000004,0.3720000000000001
437,Tyler Saladino,319,0.041,81.7,0.329,0.313,0.278,0.025078369905956112,0.10344827586206896,0.11912225705329153,0.282,0.315
438,Tyler White,276,0.083,84.0,0.258,0.287,0.29600000000000004,0.028985507246376812,0.08695652173913043,0.10144927536231885,0.217,0.28600000000000003
439,Victor Martinez,610,0.08199999999999999,86.0,0.303,0.35100000000000003,0.378,0.04426229508196721,0.10655737704918032,0.14098360655737704,0.289,0.35100000000000003
440,Welington Castillo,457,0.07200000000000001,85.0,0.337,0.319,0.312,0.030634573304157548,0.08971553610503283,0.1487964989059081,0.264,0.322
441,Whit Merrifield,332,0.057,84.3,0.361,0.309,0.29100000000000004,0.006024096385542169,0.13253012048192772,0.08734939759036145,0.28300000000000003,0.32299999999999995
442,Wil Myers,676,0.101,83.2,0.305,0.341,0.332,0.04142011834319527,0.14644970414201183,0.1390532544378698,0.259,0.336
443,Willson Contreras,283,0.092,83.7,0.339,0.363,0.334,0.04240282685512368,0.1166077738515901,0.12367491166077739,0.282,0.35700000000000004
444,Wilmer Flores,335,0.069,82.4,0.268,0.336,0.313,0.04776119402985075,0.11343283582089553,0.14626865671641792,0.267,0.319
445,Wilson Ramos,523,0.067,86.7,0.327,0.361,0.364,0.04206500956022945,0.11089866156787763,0.15296367112810708,0.307,0.354
446,Xander Bogaerts,719,0.081,84.0,0.335,0.348,0.313,0.02920723226703755,0.1599443671766342,0.12378303198887343,0.294,0.35600000000000004
447,Yadier Molina,581,0.067,83.6,0.335,0.342,0.343,0.013769363166953529,0.0963855421686747,0.09982788296041308,0.307,0.36
448,Yan Gomes,264,0.034,82.8,0.189,0.225,0.259,0.03409090909090909,0.08333333333333333,0.12878787878787878,0.16699999999999998,0.201
449,Yangervis Solarte,443,0.068,83.4,0.306,0.34600000000000003,0.312,0.033860045146726865,0.12415349887133183,0.16027088036117382,0.28600000000000003,0.341
450,Yasiel Puig,368,0.065,84.5,0.306,0.32,0.306,0.029891304347826088,0.12228260869565218,0.12228260869565218,0.263,0.32299999999999995
451,Yasmani Grandal,457,0.14,86.2,0.25,0.35,0.363,0.05908096280087528,0.10722100656455143,0.1575492341356674,0.228,0.339
452,Yasmany Tomas,563,0.055,85.7,0.31,0.345,0.342,0.055062166962699825,0.12788632326820604,0.14742451154529307,0.272,0.313
453,Yoenis Cespedes,543,0.094,85.6,0.298,0.369,0.375,0.0570902394106814,0.13259668508287292,0.15837937384898712,0.28,0.354
454,Yolmer Sanchez,163,0.031,81.8,0.257,0.253,0.269,0.024539877300613498,0.09202453987730061,0.12883435582822086,0.208,0.236
455,Yonder Alonso,532,0.085,84.0,0.284,0.299,0.331,0.013157894736842105,0.09774436090225563,0.10526315789473684,0.253,0.316
456,Yuli Gurriel,137,0.036000000000000004,84.1,0.267,0.292,0.293,0.021897810218978103,0.0948905109489051,0.10948905109489052,0.262,0.292
457,Yunel Escobar,567,0.071,84.8,0.339,0.327,0.32299999999999995,0.008818342151675485,0.11992945326278659,0.06878306878306878,0.304,0.355
458,Zack Cozart,508,0.073,83.0,0.274,0.312,0.29600000000000004,0.031496062992125984,0.13188976377952755,0.0984251968503937,0.252,0.308
