pitches,player_id,player_name,total_pitches,pitch_percent,ba,iso,babip,slg,woba,xwoba,xba,hits,abs,launch_speed,launch_angle,spin_rate,velocity,effective_speed,whiffs,swings,takes,eff_min_vel,release_extension,pos3_int_start_distance,pos4_int_start_distance,pos5_int_start_distance,pos6_int_start_distance,pos7_int_start_distance,pos8_int_start_distance,pos9_int_start_distance
3028,592450,Aaron Judge,3028,100,0.284,0.343,0.357,0.627,0.441,0.446,0.278,154,542,85.1,17.5,2266,88.8,88.22,429,1228,1756,-0.6,6.01,108,152,119,146,306,331,298
2808,458015,Joey Votto,2808,100,0.32,0.258,0.321,0.578,0.442,0.424,0.298,179,559,81.8,17.7,2177,89.1,88.76,176,1144,1577,-0.3,6.13,114,151,121,150,294,318,299
1939,502110,J.D. Martinez,1939,100,0.303,0.387,0.327,0.69,0.441,0.423,0.288,131,432,83.8,16,2267,88.4,87.95,307,983,928,-0.5,5.96,108,151,116,146,305,327,301
2171,545361,Mike Trout,2171,100,0.306,0.323,0.318,0.629,0.451,0.423,0.28,123,402,82.2,20.8,2255,89.4,88.8,146,801,1319,-0.6,6,107,151,117,146,309,327,301
1248,500874,Jose Martinez,1248,100,0.309,0.21,0.35,0.518,0.386,0.411,0.322,84,272,84.5,13,2214,89,88.47,107,515,726,-0.5,5.99,108,151,115,147,305,319,295
1982,518692,Freddie Freeman,1982,100,0.307,0.28,0.335,0.586,0.421,0.403,0.283,135,440,84.3,19.6,2171,88.3,87.73,254,1020,902,-0.6,5.98,115,163,131,150,301,324,303
2502,443558,Nelson Cruz,2502,100,0.288,0.261,0.315,0.549,0.394,0.402,0.282,160,556,85,15.3,2244,88.3,87.82,356,1167,1295,-0.5,6.02,107,151,119,146,303,325,297
1618,488671,Alex Avila,1618,100,0.264,0.183,0.382,0.447,0.368,0.401,0.272,82,311,86.4,16,2180,88.8,88.49,216,593,1016,-0.3,6.08,115,164,125,152,290,319,303
989,656555,Rhys Hoskins,989,100,0.259,0.359,0.241,0.618,0.424,0.399,0.255,44,170,83.6,21.6,2193,88.6,88.24,78,378,604,-0.4,6.17,108,152,116,147,295,320,294
2785,519317,Giancarlo Stanton,2785,100,0.281,0.35,0.288,0.631,0.422,0.398,0.266,168,597,85.6,16.8,2221,89.2,88.59,373,1174,1553,-0.6,6.04,107,151,120,145,309,327,303
2816,502671,Paul Goldschmidt,2816,100,0.297,0.265,0.343,0.563,0.413,0.397,0.278,166,558,85.3,15.8,2251,89,88.42,300,1130,1624,-0.6,5.9,108,150,115,146,307,326,302
2047,457759,Justin Turner,2047,100,0.322,0.208,0.326,0.53,0.407,0.397,0.296,147,457,83.7,21.5,2232,89.6,88.97,140,889,1122,-0.6,5.93,107,150,115,146,303,318,296
2760,519203,Anthony Rizzo,2760,100,0.273,0.234,0.273,0.507,0.39,0.397,0.283,156,572,83.4,21,2195,89.3,88.96,231,1261,1433,-0.3,6.08,115,159,123,150,297,320,301
1915,621043,Carlos Correa,1915,100,0.316,0.235,0.352,0.551,0.404,0.393,0.302,133,421,85.8,12.5,2250,88.3,87.78,174,800,1093,-0.5,6.03,107,149,115,146,298,324,291
2884,429665,Edwin Encarnacion,2884,100,0.258,0.245,0.271,0.504,0.38,0.391,0.267,143,554,83.7,17.8,2222,88.3,87.85,313,1233,1632,-0.4,6.01,108,151,118,144,298,324,300
1997,547180,Bryce Harper,1997,100,0.319,0.276,0.356,0.595,0.429,0.39,0.283,134,420,83.3,16.8,2171,89.1,88.81,259,964,999,-0.3,6.12,115,150,121,150,300,322,304
2598,475253,Justin Smoak,2598,100,0.27,0.259,0.285,0.529,0.378,0.388,0.278,151,560,83.8,17.7,2227,87.7,87.18,262,1114,1475,-0.5,6,113,163,132,149,296,327,303
2103,518626,Josh Donaldson,2103,100,0.27,0.289,0.289,0.559,0.403,0.384,0.254,112,415,83.3,16.6,2241,88.6,88.16,243,885,1211,-0.4,6.05,108,152,117,146,302,328,299
2592,501981,Khris Davis,2592,100,0.247,0.281,0.29,0.528,0.367,0.383,0.257,140,566,85,20.4,2234,88.3,87.81,412,1222,1361,-0.5,5.99,107,151,116,146,304,326,296
2067,408234,Miguel Cabrera,2067,100,0.249,0.149,0.292,0.399,0.322,0.382,0.29,117,469,84.5,17.5,2262,88.9,88.57,237,1028,1014,-0.3,6.08,108,151,118,147,304,328,299
918,621566,Matt Olson,918,100,0.259,0.392,0.238,0.651,0.417,0.38,0.251,49,189,85.4,21.5,2205,88,87.41,131,410,498,-0.6,5.97,115,158,126,150,294,324,301
2256,608369,Corey Seager,2256,100,0.295,0.184,0.352,0.479,0.373,0.38,0.291,159,539,84,13.9,2187,88.8,88.1,306,1123,1112,-0.7,5.91,115,151,117,151,297,318,303
1191,452252,Adam Lind,1191,100,0.303,0.21,0.316,0.513,0.375,0.379,0.291,81,267,85.4,14.9,2207,89,88.68,95,529,644,-0.3,6.1,115,160,128,152,295,319,303
2035,596142,Gary Sanchez,2035,100,0.278,0.253,0.304,0.531,0.374,0.379,0.285,131,471,83.3,17.2,2249,88.3,87.72,276,972,1049,-0.6,5.99,107,152,117,146,301,326,296
1866,474832,Brandon Belt,1866,100,0.241,0.228,0.284,0.469,0.359,0.379,0.26,92,382,81.9,21.8,2206,88.4,87.79,209,842,1003,-0.6,5.98,115,160,125,147,296,323,304
1846,624424,Michael Conforto,1846,100,0.279,0.276,0.328,0.555,0.401,0.376,0.254,104,373,83.8,17.5,2203,88.2,87.78,228,783,1037,-0.4,6.07,116,155,121,151,294,321,303
2772,572761,Matt Carpenter,2772,100,0.241,0.209,0.274,0.451,0.367,0.376,0.249,120,497,83.5,24.1,2172,88.9,88.46,186,943,1800,-0.4,6.01,118,156,116,151,297,319,300
2226,475582,Ryan Zimmerman,2226,100,0.303,0.269,0.335,0.573,0.394,0.375,0.286,159,524,85.8,15.6,2213,88.7,88.34,240,985,1234,-0.4,6.1,108,151,116,147,303,321,298
2246,608336,Joey Gallo,2246,100,0.209,0.327,0.25,0.537,0.369,0.374,0.218,94,449,85,24.4,2207,87.6,87.17,458,1056,1177,-0.4,6.04,116,163,134,151,302,329,304
1770,571506,Justin Bour,1770,100,0.289,0.247,0.322,0.536,0.386,0.374,0.277,109,377,83.1,17.5,2188,88.9,88.21,219,779,963,-0.7,6.03,115,163,125,152,302,323,302
2554,543807,George Springer,2554,100,0.283,0.239,0.297,0.522,0.381,0.374,0.277,155,548,81.7,14.2,2239,88.7,88.16,266,1141,1398,-0.5,5.99,108,151,113,146,298,324,293
2613,408045,Joe Mauer,2613,100,0.305,0.112,0.349,0.417,0.357,0.373,0.306,160,525,85,11.3,2214,89.6,89.1,122,948,1646,-0.5,6.06,114,150,113,149,287,317,302
2291,519048,Mitch Moreland,2291,100,0.246,0.197,0.278,0.443,0.335,0.371,0.27,125,508,84.2,17.6,2215,88.4,87.73,271,1051,1206,-0.7,5.95,115,164,131,148,287,323,306
1072,605131,Austin Barnes,1072,100,0.289,0.197,0.329,0.486,0.393,0.37,0.278,63,218,83.4,14.9,2231,89,88.4,56,389,674,-0.6,5.93,107,150,111,146,300,314,289
2224,502517,Daniel Murphy,2224,100,0.322,0.221,0.341,0.543,0.399,0.368,0.298,172,534,85.2,20.2,2182,88.7,88.37,140,1024,1145,-0.3,6.12,114,151,117,150,293,318,300
2669,543685,Anthony Rendon,2669,100,0.301,0.232,0.314,0.533,0.403,0.368,0.268,153,508,83.9,21.4,2221,89.1,88.64,152,1068,1568,-0.5,6.1,109,151,113,147,300,316,293
2097,475174,Yonder Alonso,2097,100,0.267,0.236,0.302,0.502,0.376,0.368,0.262,120,450,83,20.4,2227,87.7,87.09,255,976,1096,-0.6,5.93,115,158,121,152,293,321,300
2385,489149,Logan Morrison,2385,100,0.246,0.27,0.268,0.516,0.372,0.367,0.248,126,512,81.6,18.7,2260,88.4,87.81,312,1084,1267,-0.6,6.03,115,167,131,151,297,328,302
2669,592178,Kris Bryant,2669,100,0.295,0.242,0.334,0.537,0.407,0.367,0.247,162,549,81.3,18.3,2195,89.4,89,290,1205,1432,-0.4,6.08,107,152,115,145,301,320,296
2120,502054,Tommy Pham,2120,100,0.306,0.214,0.368,0.52,0.403,0.366,0.267,136,444,83.1,10.7,2240,88.8,88.39,168,802,1305,-0.4,6.04,110,150,110,147,303,318,293
2605,592206,Nicholas Castellanos,2605,100,0.272,0.218,0.313,0.49,0.347,0.366,0.283,167,614,83,16.4,2240,88.1,87.78,358,1333,1266,-0.3,6.07,108,152,115,146,301,325,293
2592,476704,Jed Lowrie,2592,100,0.277,0.171,0.314,0.448,0.354,0.365,0.287,157,567,82,21.5,2203,89,88.56,233,1242,1337,-0.4,6.02,113,151,111,148,288,317,295
2583,547989,Jose Abreu,2583,100,0.304,0.248,0.33,0.552,0.386,0.364,0.287,189,621,85.8,16,2281,88.5,88.19,278,1234,1311,-0.3,6.07,107,150,116,146,302,324,295
2549,425783,Shin-Soo Choo,2549,100,0.261,0.162,0.305,0.423,0.344,0.364,0.268,142,544,83.2,12.5,2210,88.4,88.05,246,1062,1466,-0.4,6.07,114,150,110,150,290,320,302
2916,453568,Charlie Blackmon,2916,100,0.331,0.271,0.371,0.602,0.424,0.364,0.278,213,643,82.1,16.3,2193,88.8,88.43,252,1334,1537,-0.4,5.96,117,149,105,151,302,326,306
2345,429664,Robinson Cano,2345,100,0.28,0.172,0.294,0.453,0.345,0.363,0.297,166,592,85,13.8,2230,88.6,88.19,214,1204,1107,-0.4,6.04,112,149,120,150,292,321,301
2659,571448,Nolan Arenado,2659,100,0.309,0.277,0.32,0.586,0.405,0.363,0.274,187,606,83.6,21,2238,88.8,88.39,295,1266,1356,-0.4,5.98,107,151,115,146,309,328,305
2667,467793,Carlos Santana,2667,100,0.259,0.196,0.274,0.455,0.359,0.362,0.263,148,571,84.3,16.6,2161,87.9,87.46,204,1059,1583,-0.4,6.04,112,158,120,147,297,322,300
2576,542303,Marcell Ozuna,2576,100,0.312,0.237,0.355,0.548,0.397,0.36,0.273,191,613,82.9,13.1,2213,88.6,87.99,341,1269,1290,-0.6,6.04,107,151,116,146,305,322,298
2338,434778,Kendrys Morales,2338,100,0.25,0.196,0.278,0.445,0.326,0.358,0.275,139,557,85.4,15.4,2187,87.6,86.98,335,1156,1171,-0.6,5.97,113,163,131,149,297,328,303
2125,457763,Buster Posey,2125,100,0.32,0.142,0.347,0.462,0.38,0.358,0.281,158,494,84.6,15.3,2227,89,88.55,146,917,1148,-0.4,6.05,108,151,116,147,300,321,293
2560,592518,Manny Machado,2560,100,0.259,0.213,0.265,0.471,0.335,0.357,0.274,163,630,84.9,18.4,2247,88.5,87.75,273,1245,1298,-0.7,5.92,109,151,116,145,303,325,295
2252,641355,Cody Bellinger,2252,100,0.267,0.315,0.299,0.581,0.393,0.357,0.24,128,480,84.2,21.2,2209,89.3,88.67,318,978,1219,-0.6,5.91,115,154,122,149,300,321,304
859,537953,Daniel Nava,859,100,0.301,0.12,0.357,0.421,0.363,0.357,0.278,55,183,82.8,17.1,2186,90,89.59,63,354,501,-0.4,6.11,113,153,114,150,289,315,295
2593,608070,Jose Ramirez,2593,100,0.318,0.265,0.319,0.583,0.406,0.355,0.292,186,585,83.2,18.5,2185,88.1,87.68,152,1116,1457,-0.4,6.02,111,147,107,146,290,315,295
1993,451594,Dexter Fowler,1993,100,0.264,0.224,0.305,0.488,0.368,0.355,0.266,111,420,81.9,16.5,2184,88.5,88.03,190,848,1117,-0.5,6,114,149,108,150,296,318,296
1586,134181,Adrian Beltre,1586,100,0.312,0.221,0.321,0.532,0.392,0.355,0.276,106,340,81.7,17.7,2231,88.6,88.25,138,738,836,-0.4,6.08,107,150,117,146,304,322,294
2638,457705,Andrew McCutchen,2638,100,0.279,0.207,0.305,0.486,0.369,0.354,0.267,159,570,83.5,17.5,2189,89.1,88.7,249,1175,1439,-0.4,6.06,108,151,113,145,303,318,293
2499,570267,Domingo Santana,2499,100,0.278,0.227,0.363,0.505,0.379,0.354,0.263,146,525,82.4,12.5,2208,89,88.49,371,1153,1331,-0.5,6,110,151,113,147,303,315,292
2041,446263,Lucas Duda,2041,100,0.217,0.279,0.238,0.496,0.35,0.353,0.238,92,423,84,21.7,2204,88.1,87.63,217,813,1204,-0.5,6.06,116,166,134,151,296,324,305
2585,543333,Eric Hosmer,2585,100,0.318,0.179,0.351,0.498,0.385,0.353,0.285,192,603,83.9,9.3,2214,88.3,88,262,1210,1362,-0.3,6.08,113,150,117,150,297,325,308
2013,541645,Avisail Garcia,2013,100,0.33,0.176,0.392,0.506,0.385,0.353,0.279,171,518,83.4,12.9,2280,88.6,88.27,345,1176,810,-0.3,6.11,108,150,115,146,301,323,293
2704,457708,Justin Upton,2704,100,0.273,0.268,0.341,0.54,0.385,0.353,0.244,152,557,82.3,20.9,2258,88.6,88.22,365,1196,1496,-0.4,6.07,107,151,116,146,302,326,297
2899,592885,Christian Yelich,2899,100,0.282,0.156,0.336,0.439,0.355,0.352,0.271,170,602,84.4,9.9,2180,88.6,87.94,271,1223,1652,-0.7,6.02,113,148,112,149,295,317,301
2604,571875,Jake Lamb,2604,100,0.248,0.239,0.287,0.487,0.365,0.352,0.244,133,536,82.4,16.5,2223,88.7,88.04,243,1018,1532,-0.7,5.92,114,153,123,149,300,324,306
2500,453943,Todd Frazier,2500,100,0.213,0.215,0.226,0.428,0.34,0.352,0.229,101,474,81.6,23.1,2262,89.1,88.63,259,1004,1473,-0.5,6.05,106,151,116,145,300,324,292
2113,434670,Hanley Ramirez,2113,100,0.242,0.188,0.272,0.429,0.328,0.351,0.262,120,496,82.6,18.5,2260,89.4,88.83,256,1001,1077,-0.6,6,109,151,117,146,293,324,298
2432,457803,Jay Bruce,2432,100,0.254,0.254,0.274,0.508,0.356,0.351,0.258,141,555,82.4,19.2,2190,87.7,87.23,334,1210,1220,-0.5,6.04,115,161,129,150,297,321,304
1337,493316,Yoenis Cespedes,1337,100,0.292,0.247,0.316,0.54,0.381,0.351,0.262,85,291,82.1,20.8,2225,88.5,88.09,135,644,671,-0.4,6.1,106,153,117,146,300,325,303
1587,452234,Seth Smith,1587,100,0.258,0.176,0.301,0.433,0.34,0.35,0.264,85,330,84.6,14.2,2220,88.3,87.56,133,647,927,-0.7,5.87,117,161,121,149,290,320,298
2748,596019,Francisco Lindor,2748,100,0.273,0.232,0.275,0.505,0.359,0.35,0.269,178,651,83.3,17.4,2211,88.1,87.64,198,1287,1430,-0.5,6.02,112,148,104,147,290,315,295
1695,461314,Matt Kemp,1695,100,0.276,0.187,0.318,0.463,0.337,0.35,0.285,121,438,83.1,12.3,2206,88.3,87.85,274,919,757,-0.5,5.98,108,152,116,147,304,320,294
499,608385,Jesse Winker,499,100,0.298,0.231,0.322,0.529,0.387,0.35,0.278,36,121,83.1,8.9,2176,88.1,87.68,38,213,286,-0.4,6.1,116,148,114,150,289,313,297
2266,459964,Matt Joyce,2266,100,0.243,0.23,0.263,0.473,0.348,0.35,0.247,114,469,82.7,17.6,2205,87.5,86.94,239,957,1302,-0.6,5.98,114,154,114,150,292,319,297
485,608700,Kevin Plawecki,485,100,0.26,0.14,0.284,0.4,0.342,0.35,0.269,26,100,80.9,16.1,2203,88.2,87.86,49,225,251,-0.3,6.14,108,152,115,148,299,313,288
2688,553993,Eugenio Suarez,2688,100,0.26,0.2,0.309,0.461,0.362,0.35,0.254,139,534,79.8,15.5,2202,88.8,88.43,278,1134,1544,-0.4,6.12,108,150,114,145,299,316,289
2320,514888,Jose Altuve,2320,100,0.346,0.202,0.37,0.547,0.413,0.349,0.274,204,590,81,13.4,2247,88.2,87.68,185,1099,1195,-0.5,6.01,105,148,106,145,295,319,287
1993,593934,Miguel Sano,1993,100,0.264,0.243,0.375,0.507,0.37,0.348,0.235,112,424,85.4,17.4,2254,87.8,87.12,379,959,1011,-0.7,5.97,107,152,117,146,302,325,297
2142,624577,Yasiel Puig,2142,100,0.263,0.224,0.274,0.487,0.359,0.348,0.254,131,499,82.7,14.4,2227,89.8,89.18,242,979,1134,-0.6,5.96,107,151,115,146,303,319,297
1440,452095,Tyler Flowers,1440,100,0.281,0.164,0.342,0.445,0.364,0.347,0.264,89,317,81.8,14.4,2197,88.8,88.25,176,687,729,-0.6,5.99,109,152,116,148,302,318,291
950,607043,Brandon Nimmo,950,100,0.26,0.158,0.36,0.418,0.353,0.346,0.247,46,177,80.8,15.1,2162,88.6,88.31,85,349,595,-0.3,6.2,114,148,109,150,287,311,295
1744,521692,Salvador Perez,1744,100,0.268,0.227,0.28,0.495,0.336,0.345,0.272,126,471,83.9,20.8,2222,87.7,87.4,213,1021,711,-0.3,6.08,106,150,115,145,301,324,297
1667,400121,Victor Martinez,1667,100,0.255,0.117,0.28,0.372,0.311,0.344,0.271,100,392,84.2,16.2,2199,87.5,87.05,124,773,877,-0.4,6.02,115,167,126,151,293,322,300
1403,488726,Michael Brantley,1403,100,0.299,0.145,0.325,0.444,0.351,0.344,0.288,101,338,83.8,13.4,2230,88.5,88.02,79,613,775,-0.5,5.96,112,146,112,147,286,317,299
1555,460075,Ryan Braun,1555,100,0.268,0.218,0.292,0.487,0.354,0.344,0.263,102,380,83.5,12.3,2197,89.7,89.2,177,804,740,-0.5,6.03,108,150,114,146,305,319,293
2583,572122,Kyle Seager,2583,100,0.249,0.201,0.262,0.45,0.335,0.344,0.255,144,578,83.3,20.7,2219,87.7,87.21,230,1097,1457,-0.5,6,114,160,117,150,290,320,299
1445,456078,Welington Castillo,1445,100,0.282,0.208,0.336,0.49,0.35,0.343,0.268,96,341,84.1,18.5,2219,88.4,87.68,154,626,819,-0.7,5.9,107,151,115,145,300,320,288
484,458675,Colby Rasmus,484,100,0.281,0.298,0.368,0.579,0.376,0.343,0.245,34,121,83.5,15.4,2234,88.3,87.69,101,260,216,-0.6,6.06,113,159,115,149,294,328,301
957,606466,Ketel Marte,957,100,0.26,0.135,0.29,0.395,0.329,0.342,0.279,58,223,81.2,12.8,2202,88.5,87.96,74,443,500,-0.5,5.91,109,147,100,148,286,313,300
2112,656941,Kyle Schwarber,2112,100,0.211,0.256,0.244,0.467,0.338,0.341,0.219,89,422,83.8,23.9,2184,88.8,88.38,279,937,1164,-0.4,6.05,119,162,124,150,295,318,301
637,600303,Tommy La Stella,637,100,0.288,0.184,0.298,0.472,0.372,0.341,0.259,36,125,82.5,19,2188,90.2,89.71,41,281,349,-0.5,6.02,115,147,106,150,287,311,295
1716,435522,Neil Walker,1716,100,0.265,0.174,0.297,0.439,0.353,0.341,0.256,102,385,81.6,18.2,2180,89,88.45,147,714,989,-0.6,6.04,114,151,114,150,294,316,298
1236,519299,Eric Sogard,1236,100,0.272,0.104,0.311,0.376,0.349,0.341,0.267,68,250,80.6,17.9,2199,90,89.49,48,438,782,-0.5,5.99,114,148,100,149,283,307,295
1822,543257,Robbie Grossman,1822,100,0.246,0.134,0.287,0.38,0.333,0.341,0.26,94,382,80,16.6,2192,88.7,88.17,122,700,1117,-0.5,6.04,110,148,108,147,290,316,291
2840,605141,Mookie Betts,2840,100,0.264,0.194,0.268,0.459,0.349,0.34,0.265,166,628,83.6,17,2252,89,88.43,158,1007,1794,-0.6,5.99,108,150,112,145,290,321,294
1451,571431,Matt Adams,1451,100,0.274,0.248,0.311,0.522,0.357,0.34,0.265,93,339,83.2,21.5,2174,88.2,87.63,224,774,660,-0.6,5.92,117,161,124,153,298,321,299
2680,518934,DJ LeMahieu,2680,100,0.31,0.099,0.351,0.409,0.348,0.339,0.297,189,609,83.7,9.4,2224,89.8,89.52,141,1106,1555,-0.3,6,108,149,109,148,311,322,294
1363,592626,Joc Pederson,1363,100,0.212,0.194,0.241,0.407,0.327,0.339,0.233,58,273,83.4,18.3,2222,88.9,88.32,141,586,758,-0.6,5.95,116,154,119,151,298,319,304
2851,572821,Brian Dozier,2851,100,0.271,0.227,0.3,0.498,0.37,0.339,0.237,167,617,83,20.9,2259,88.7,88.12,290,1174,1639,-0.6,6.01,107,151,108,144,297,321,291
2014,425877,Yadier Molina,2014,100,0.273,0.166,0.285,0.439,0.323,0.339,0.279,137,501,82.9,20.4,2230,89.2,88.79,197,1050,941,-0.4,6.01,110,151,114,148,303,316,289
2096,501896,David Freese,2096,100,0.263,0.108,0.336,0.371,0.335,0.339,0.252,112,426,82.8,10.2,2193,89.1,88.77,209,900,1161,-0.3,6.07,110,150,114,147,304,318,291
1903,594988,Scott Schebler,1903,100,0.233,0.252,0.248,0.484,0.338,0.339,0.245,110,473,82.5,16.6,2192,88.2,87.69,290,988,879,-0.5,6.08,116,153,121,150,295,318,297
2266,519058,Mike Moustakas,2266,100,0.272,0.249,0.263,0.521,0.355,0.339,0.266,151,555,81.8,24,2209,87.7,87.34,261,1246,988,-0.4,6.05,115,158,122,150,297,324,303
1492,431145,Russell Martin,1492,100,0.221,0.166,0.261,0.388,0.328,0.338,0.236,68,307,83.8,14.4,2264,88.7,88.1,141,597,885,-0.6,6.01,107,150,113,145,300,322,291
2309,608324,Alex Bregman,2309,100,0.284,0.191,0.311,0.475,0.357,0.338,0.271,158,556,83,21.1,2250,88.4,87.91,170,1030,1264,-0.5,6.01,107,149,110,146,296,319,286
2356,519346,Eric Thames,2356,100,0.248,0.271,0.309,0.519,0.378,0.338,0.221,116,468,82.3,17.5,2171,88.8,88.25,320,1013,1322,-0.5,5.97,117,154,125,150,298,317,300
1466,543510,James McCann,1466,100,0.253,0.162,0.3,0.415,0.32,0.338,0.264,89,352,81.9,19.7,2239,88.4,88.04,177,737,719,-0.4,6.04,108,151,113,146,300,323,291
747,581527,Devon Travis,747,100,0.259,0.178,0.299,0.438,0.311,0.337,0.285,48,185,82.3,18.3,2257,88.6,87.68,66,352,391,-0.9,5.85,106,149,108,146,300,320,285
1112,435559,Kurt Suzuki,1112,100,0.283,0.254,0.268,0.536,0.378,0.337,0.258,78,276,81.1,18.2,2192,88.9,88.47,101,583,508,-0.4,6.03,109,151,113,147,300,315,288
1625,572039,Stephen Piscotty,1625,100,0.235,0.132,0.286,0.367,0.319,0.337,0.242,80,341,79.3,12.5,2227,88.5,88.05,184,757,851,-0.5,6.01,109,150,113,146,305,317,292
1320,542583,Jesus Aguilar,1320,100,0.265,0.24,0.337,0.505,0.357,0.336,0.245,74,279,83.4,15.3,2219,89.1,88.54,204,613,702,-0.6,6.01,110,151,114,146,304,318,295
2425,466320,Melky Cabrera,2425,100,0.285,0.137,0.299,0.423,0.325,0.336,0.298,177,620,83.4,14.8,2196,88.9,88.59,150,1116,1300,-0.3,6.08,111,148,109,147,291,318,295
1593,435263,Brian McCann,1593,100,0.241,0.195,0.237,0.436,0.33,0.336,0.254,84,349,83,18.9,2220,88.1,87.52,116,680,892,-0.6,5.99,114,162,122,151,290,323,296
1648,461235,Brandon Moss,1648,100,0.207,0.221,0.248,0.428,0.305,0.336,0.23,75,362,82.7,22.6,2195,87.9,87.66,283,795,852,-0.2,6.06,113,160,127,150,298,325,303
2281,641820,Trey Mancini,2281,100,0.293,0.195,0.352,0.488,0.356,0.336,0.262,159,543,82.5,11.4,2237,87.9,87.17,330,1160,1114,-0.7,5.9,108,151,116,146,303,324,292
1614,575929,Willson Contreras,1614,100,0.276,0.223,0.319,0.499,0.368,0.336,0.244,104,377,81.5,12.5,2194,89,88.54,231,759,832,-0.5,6.06,108,151,110,146,298,317,293
1306,444379,John Jaso,1306,100,0.211,0.191,0.243,0.402,0.324,0.336,0.23,54,256,80.7,21.1,2183,88.6,88.08,149,590,702,-0.5,6,117,155,118,151,293,315,296
1118,594828,Evan Gattis,1118,100,0.263,0.193,0.278,0.457,0.33,0.335,0.275,79,300,83.6,20.8,2261,88,87.5,121,550,564,-0.5,6.02,108,150,116,146,294,324,293
1483,543305,Aaron Hicks,1483,100,0.266,0.209,0.29,0.475,0.367,0.335,0.233,80,301,83,16.5,2212,87.9,87.21,154,579,896,-0.7,5.93,111,149,105,148,295,323,292
1365,457706,Austin Jackson,1365,100,0.318,0.164,0.385,0.482,0.378,0.335,0.271,89,280,82.1,15.1,2206,88.6,88.31,126,576,787,-0.3,6.07,107,149,109,144,295,311,284
1274,455139,Robinson Chirinos,1274,100,0.255,0.251,0.298,0.506,0.372,0.334,0.217,67,263,83.4,21.7,2242,88.2,87.89,179,554,708,-0.3,6.1,107,150,113,145,300,320,291
466,572228,Luke Voit,466,100,0.246,0.184,0.304,0.43,0.321,0.334,0.25,28,114,82.9,17,2209,88.8,88.47,69,242,221,-0.3,6.06,109,152,116,147,303,319,299
1310,435062,Howie Kendrick,1310,100,0.315,0.161,0.378,0.475,0.368,0.334,0.27,96,305,82.7,7.7,2222,89.1,88.7,135,626,676,-0.4,6.13,110,150,112,148,297,313,286
2560,643217,Andrew Benintendi,2560,100,0.271,0.154,0.301,0.424,0.341,0.334,0.255,155,573,81.7,20.4,2208,88.7,88.19,214,1113,1410,-0.5,5.99,113,146,108,148,282,318,301
2498,519306,Steven Souza Jr.,2498,100,0.239,0.22,0.302,0.459,0.353,0.334,0.223,125,523,81.5,16.4,2255,88.8,88.15,350,1091,1384,-0.7,6.02,108,152,113,146,300,326,295
2066,452678,Asdrubal Cabrera,2066,100,0.28,0.154,0.31,0.434,0.344,0.334,0.264,134,479,81,16,2172,88.2,87.81,183,965,1088,-0.4,6.1,112,150,110,150,291,316,297
2417,543768,Travis Shaw,2417,100,0.273,0.24,0.312,0.513,0.369,0.333,0.25,147,538,83.3,19,2205,88.6,88.07,229,1081,1306,-0.5,6.02,115,155,120,150,298,317,300
2387,434158,Curtis Granderson,2387,100,0.212,0.241,0.228,0.452,0.336,0.333,0.218,95,449,83.2,20.7,2187,88.5,87.98,176,911,1463,-0.5,6.01,114,155,119,149,294,319,300
1733,407812,Matt Holliday,1733,100,0.231,0.201,0.273,0.432,0.325,0.333,0.233,86,373,82.5,16.3,2246,88.9,88.19,222,769,961,-0.7,5.97,108,151,118,147,305,327,292
2519,456715,Lorenzo Cain,2519,100,0.3,0.14,0.34,0.44,0.354,0.333,0.279,175,584,81.6,13.3,2225,88.9,88.74,245,1240,1268,-0.2,6.11,107,150,112,146,301,320,290
1405,543068,C.J. Cron,1405,100,0.248,0.189,0.296,0.437,0.319,0.332,0.256,84,339,82.7,20.4,2252,88.2,87.6,199,736,662,-0.6,5.97,107,151,118,146,306,324,298
1173,640461,Chad Pinder,1173,100,0.238,0.22,0.292,0.457,0.32,0.332,0.24,67,282,82.4,16.6,2257,88.3,87.75,187,606,560,-0.6,5.97,107,149,111,145,299,320,288
2567,605137,Josh Bell,2567,100,0.255,0.211,0.278,0.466,0.346,0.332,0.255,140,549,82.3,14.2,2162,89.1,88.66,261,1112,1437,-0.4,6.04,115,151,115,149,299,318,297
2125,446359,Zack Cozart,2125,100,0.297,0.251,0.312,0.548,0.399,0.332,0.255,130,438,81.7,16.3,2196,88.6,88.24,139,868,1249,-0.4,6.11,109,149,111,145,296,315,287
719,650490,Yandy Diaz,719,100,0.263,0.064,0.336,0.327,0.312,0.331,0.266,41,156,87.1,6,2206,88.9,88.37,52,280,438,-0.5,6.05,106,149,110,144,297,313,286
1743,572041,A.J. Pollock,1743,100,0.266,0.205,0.291,0.471,0.347,0.331,0.265,113,425,82.9,10.7,2260,88.3,87.64,139,737,995,-0.7,5.91,107,150,107,146,303,320,296
2268,621035,Chris Taylor,2268,100,0.288,0.208,0.361,0.496,0.368,0.331,0.258,148,514,81.3,17,2236,88.9,88.26,263,1032,1225,-0.6,5.93,108,150,107,146,299,315,291
1357,488862,Yunel Escobar,1357,100,0.274,0.123,0.305,0.397,0.324,0.33,0.272,96,350,84.3,7.1,2222,88.8,88.32,126,637,718,-0.5,6.01,106,150,109,146,302,322,290
1598,571437,Aaron Altherr,1598,100,0.272,0.245,0.328,0.516,0.367,0.33,0.244,101,372,83.3,14.3,2222,88.8,88.32,212,708,878,-0.5,6.09,107,151,114,147,297,318,293
2041,502210,Josh Reddick,2041,100,0.314,0.17,0.339,0.484,0.359,0.33,0.28,150,477,83.1,21.6,2202,88.2,87.74,140,896,1137,-0.5,6.02,114,150,111,149,288,320,296
808,518466,Jabari Blash,808,100,0.213,0.128,0.319,0.341,0.308,0.33,0.219,35,164,82.4,18.3,2238,89.5,88.99,147,362,444,-0.5,6,108,151,114,145,302,323,301
912,645277,Ozzie Albies,912,100,0.286,0.171,0.316,0.456,0.352,0.33,0.26,62,217,82,19.2,2110,88.3,87.87,107,469,434,-0.4,6.03,111,148,99,149,292,315,294
1079,502082,Lonnie Chisenhall,1079,100,0.288,0.233,0.326,0.521,0.373,0.33,0.242,68,236,80.9,20.4,2244,88.9,88.28,125,539,524,-0.6,5.96,112,147,111,148,289,318,297
1925,523253,Logan Forsythe,1925,100,0.224,0.102,0.299,0.327,0.313,0.329,0.228,81,361,84,15.9,2243,89.6,88.93,144,623,1294,-0.7,5.95,109,151,111,146,299,313,290
2134,448801,Chris Davis,2134,100,0.215,0.208,0.301,0.423,0.32,0.328,0.218,98,456,84.2,17.6,2249,88.4,87.54,320,906,1207,-0.9,5.86,116,167,134,149,298,327,301
2746,455976,Nick Markakis,2746,100,0.275,0.11,0.324,0.384,0.331,0.328,0.269,163,593,83.5,15.4,2184,88.8,88.33,172,1105,1606,-0.5,5.98,114,149,113,150,290,315,298
1306,150029,Jayson Werth,1306,100,0.226,0.167,0.27,0.393,0.317,0.328,0.234,57,252,82.4,19.4,2200,89,88.52,110,502,796,-0.5,6.07,108,151,115,146,302,319,294
2537,594777,Kole Calhoun,2537,100,0.244,0.148,0.284,0.392,0.322,0.328,0.247,139,569,81.8,15.1,2204,88.4,87.86,311,1204,1302,-0.5,5.99,115,154,111,149,293,321,302
1631,664023,Ian Happ,1631,100,0.253,0.261,0.316,0.514,0.357,0.328,0.234,92,364,81.1,18.4,2157,89.5,89.12,274,797,815,-0.4,6.06,112,148,112,149,294,314,297
1937,493329,Yuli Gurriel,1937,100,0.299,0.187,0.308,0.486,0.351,0.327,0.283,158,529,85.1,13.8,2245,88.4,87.82,164,932,991,-0.6,6,107,150,115,146,296,322,291
1581,571466,Tucker Barnhart,1581,100,0.27,0.132,0.312,0.403,0.329,0.327,0.269,100,370,80.8,12.6,2153,88.5,88.16,140,735,801,-0.3,6.13,112,148,111,148,289,313,292
2497,405395,Albert Pujols,2497,100,0.241,0.145,0.249,0.386,0.294,0.326,0.268,143,593,84.5,16.5,2249,88.1,87.59,241,1172,1311,-0.5,5.99,106,152,119,146,306,326,299
2180,592663,J.T. Realmuto,2180,100,0.278,0.173,0.318,0.451,0.34,0.326,0.263,148,532,83,15.2,2210,89.1,88.48,201,1047,1114,-0.6,6.05,108,150,112,146,302,316,292
2422,435079,Ian Kinsler,2422,100,0.236,0.176,0.244,0.412,0.319,0.326,0.248,130,551,82.4,22.2,2244,88.7,88.38,166,1071,1336,-0.3,6.09,109,153,110,147,297,321,288
1369,455104,Chris Iannetta,1369,100,0.254,0.257,0.308,0.511,0.372,0.326,0.222,69,272,81.5,18.1,2268,88.7,88.04,163,607,756,-0.7,5.88,108,151,114,146,302,320,296
2018,500871,Eduardo Escobar,2018,100,0.254,0.195,0.279,0.449,0.327,0.326,0.249,116,457,80.4,20.8,2200,88.5,88.08,236,1049,949,-0.4,6.05,110,148,106,147,289,314,290
725,467092,Wilson Ramos,725,100,0.26,0.188,0.262,0.447,0.312,0.326,0.261,54,208,79.5,11,2242,88.4,87.91,85,402,316,-0.5,6.07,108,152,117,147,303,324,295
727,543308,John Hicks,727,100,0.266,0.173,0.342,0.439,0.334,0.326,0.257,46,173,79.1,14.6,2214,88.5,88.23,144,420,300,-0.3,6.1,107,151,113,144,298,319,292
1599,571745,Mitch Haniger,1599,100,0.282,0.209,0.338,0.491,0.364,0.325,0.246,104,369,82.3,15.7,2253,88.5,88.06,153,671,917,-0.4,6.03,105,149,111,145,297,315,287
2544,570731,Jonathan Schoop,2544,100,0.293,0.211,0.33,0.503,0.361,0.325,0.264,182,622,82,17.4,2232,88.4,87.65,374,1333,1200,-0.7,5.93,108,150,115,145,300,323,293
1764,624428,Adam Frazier,1764,100,0.276,0.123,0.306,0.399,0.329,0.325,0.275,112,406,80.6,14.6,2188,89,88.52,108,803,940,-0.5,6,116,148,102,148,286,309,295
679,547170,Nicky Delmonico,679,100,0.262,0.22,0.277,0.482,0.374,0.325,0.228,37,141,77.3,15.2,2260,88.3,88.2,78,312,365,-0.1,6.2,113,146,111,148,285,317,299
725,595885,Greg Bird,725,100,0.19,0.231,0.194,0.422,0.307,0.324,0.206,28,147,84.6,24.6,2189,88.6,87.79,95,311,412,-0.8,5.94,117,161,128,150,296,324,296
742,642086,Dominic Smith,742,100,0.198,0.198,0.218,0.395,0.285,0.324,0.243,33,167,84.3,13.7,2172,88.3,87.96,105,362,379,-0.3,6.17,115,156,123,151,292,316,297
1148,571718,Brian Goodwin,1148,100,0.251,0.247,0.291,0.498,0.345,0.324,0.242,63,251,81.5,16.7,2150,89,88.74,120,468,668,-0.3,6.14,112,147,102,149,289,314,298
1857,456030,Dustin Pedroia,1857,100,0.293,0.099,0.315,0.392,0.339,0.324,0.272,119,406,81.3,15.3,2252,89.3,88.69,85,764,1072,-0.6,5.99,108,149,112,146,290,315,287
1683,593528,Jorge Bonifacio,1683,100,0.255,0.177,0.324,0.432,0.329,0.324,0.246,98,384,81,19.6,2225,88.7,88.43,273,886,794,-0.3,6.06,108,150,114,146,301,321,291
1595,460576,Carlos Gomez,1595,100,0.255,0.207,0.336,0.462,0.345,0.324,0.237,94,368,80.9,19.6,2248,88.4,87.96,268,888,679,-0.4,6.03,106,150,108,146,302,322,294
1714,445055,Jon Jay,1714,100,0.296,0.079,0.368,0.375,0.336,0.324,0.276,112,379,79.2,12.6,2186,88.8,88.43,181,878,809,-0.4,6.06,116,148,103,149,282,308,296
1800,572287,Mike Zunino,1800,100,0.251,0.258,0.355,0.509,0.36,0.323,0.216,97,387,82.5,23,2256,89.2,88.73,341,891,901,-0.5,6.05,105,150,116,145,297,319,293
1908,576397,Jedd Gyorko,1908,100,0.272,0.2,0.312,0.472,0.351,0.323,0.237,116,426,82.1,19,2232,88.3,87.81,234,916,989,-0.5,5.99,109,151,115,147,303,318,294
1892,518960,Jonathan Lucroy,1892,100,0.265,0.106,0.286,0.371,0.322,0.323,0.265,112,423,81.4,15.1,2252,89.7,89.4,83,778,1080,-0.3,6.06,107,150,113,147,303,320,289
1854,518618,Derek Dietrich,1854,100,0.249,0.175,0.295,0.425,0.332,0.323,0.247,101,405,80.8,19.9,2180,89.3,88.76,169,851,964,-0.5,6.07,115,148,110,150,290,315,298
887,425784,Rene Rivera,887,100,0.252,0.179,0.324,0.431,0.319,0.323,0.25,55,218,80.7,17.7,2223,88.6,88.15,162,483,388,-0.4,6.04,108,152,115,147,295,314,289
1761,657557,Paul DeJong,1761,100,0.285,0.247,0.349,0.532,0.365,0.323,0.254,119,417,80.4,21.7,2235,88.5,88.16,253,906,847,-0.3,6.04,108,150,112,146,302,317,294
1947,450314,Ben Zobrist,1947,100,0.232,0.143,0.251,0.375,0.307,0.322,0.253,101,435,82.2,12.3,2154,89.3,88.89,105,761,1167,-0.4,6.04,114,148,108,149,291,314,295
395,595751,Jorge Alfaro,395,100,0.318,0.196,0.42,0.514,0.378,0.322,0.249,34,107,82.2,12.5,2257,88.2,87.82,90,242,145,-0.4,6.12,109,151,114,148,296,316,289
2898,458731,Brett Gardner,2898,100,0.264,0.163,0.3,0.428,0.341,0.322,0.253,157,594,81.6,14.7,2220,89,88.41,162,1038,1832,-0.6,6.01,110,148,99,148,282,316,294
1649,488771,Jason Castro,1649,100,0.242,0.146,0.318,0.388,0.32,0.322,0.238,86,356,81.1,16.3,2241,88.6,88.03,225,733,905,-0.6,6.04,114,151,115,148,286,316,298
662,630111,Yasmany Tomas,662,100,0.241,0.223,0.294,0.464,0.325,0.321,0.23,40,166,84.8,13.7,2250,88.4,87.71,110,348,314,-0.7,5.87,107,150,115,147,307,323,300
1704,545341,Randal Grichuk,1704,100,0.238,0.235,0.293,0.473,0.323,0.321,0.233,98,412,83.6,21,2231,88.7,88.16,257,867,823,-0.5,5.98,108,151,113,146,303,319,295
2678,571976,Wil Myers,2678,100,0.243,0.22,0.297,0.464,0.342,0.321,0.223,138,567,83.1,19.3,2266,88.5,87.72,305,1177,1484,-0.8,5.91,108,151,115,145,303,323,300
987,547957,Hyun Soo Kim,987,100,0.231,0.061,0.287,0.292,0.274,0.321,0.262,49,212,82,14.4,2228,89.2,88.68,77,414,567,-0.5,6.04,114,149,111,150,284,315,298
2470,448602,Mark Reynolds,2470,100,0.267,0.219,0.343,0.487,0.363,0.321,0.226,139,520,81.1,18.1,2250,88.2,87.9,377,1100,1368,-0.3,5.96,107,152,115,146,309,328,303
475,572669,Lane Adams,475,100,0.275,0.193,0.368,0.468,0.347,0.321,0.237,30,109,80.1,13,2243,88.4,88,90,231,241,-0.4,6.02,107,151,111,146,303,318,292
1537,543939,Kolten Wong,1537,100,0.285,0.127,0.331,0.412,0.35,0.321,0.254,101,354,79.5,12.4,2224,88.7,88.12,132,687,795,-0.6,5.96,112,148,102,150,290,313,295
2128,503556,Marwin Gonzalez,2128,100,0.303,0.226,0.343,0.529,0.387,0.32,0.244,138,456,82.6,13.2,2184,87.3,86.79,182,891,1211,-0.5,5.99,111,148,108,149,291,322,293
2337,452104,Chase Headley,2337,100,0.273,0.133,0.341,0.406,0.335,0.32,0.25,140,512,80.8,13.9,2185,88.4,87.88,269,1032,1289,-0.5,6.02,113,155,114,149,291,319,293
1353,400284,Chase Utley,1353,100,0.236,0.168,0.264,0.405,0.32,0.319,0.236,73,309,83.3,14.8,2197,89.4,88.93,73,516,825,-0.5,6.01,117,150,109,150,292,315,300
443,594809,Adam Eaton,443,100,0.297,0.165,0.347,0.462,0.375,0.319,0.228,27,91,81.9,14.3,2186,89.2,88.79,39,188,252,-0.4,6.13,109,147,96,145,282,309,297
629,434563,Carlos Ruiz,629,100,0.216,0.136,0.282,0.352,0.297,0.318,0.238,27,125,82.8,17.1,2243,88.6,88.23,47,230,394,-0.4,6.08,107,149,113,146,294,312,280
1473,527038,Wilmer Flores,1473,100,0.271,0.217,0.27,0.488,0.338,0.318,0.259,91,336,82.3,20,2221,89,88.6,125,760,706,-0.4,6.1,107,151,114,147,297,317,293
2159,592696,Eddie Rosario,2159,100,0.29,0.218,0.312,0.507,0.354,0.318,0.252,157,542,81.8,18.2,2224,87.8,87.23,286,1184,961,-0.6,6.03,112,147,103,148,289,318,297
2466,608577,Nomar Mazara,2466,100,0.253,0.17,0.293,0.422,0.327,0.317,0.242,140,554,83.4,14.2,2206,88.1,87.75,290,1127,1312,-0.3,6.08,115,151,118,150,293,323,302
1212,465041,Francisco Cervelli,1212,100,0.249,0.121,0.311,0.37,0.321,0.317,0.241,66,265,81.6,9.1,2237,88.6,88.03,119,499,706,-0.6,6,109,151,110,147,301,315,288
2313,542921,Tim Beckham,2313,100,0.278,0.176,0.365,0.454,0.339,0.317,0.249,148,533,81.1,13.5,2236,88.2,87.53,362,1166,1137,-0.7,5.96,109,151,109,146,299,323,290
384,605119,Brian Anderson,384,100,0.262,0.107,0.386,0.369,0.315,0.317,0.25,22,84,80.6,12.9,2201,89.1,88.4,54,180,204,-0.7,6.03,107,150,116,147,303,317,288
545,592685,Drew Robinson,545,100,0.224,0.215,0.305,0.439,0.329,0.317,0.205,24,107,80.3,19.2,2219,89,88.7,74,252,292,-0.3,6.12,113,149,111,150,293,321,303
2032,452655,Denard Span,2032,100,0.272,0.155,0.295,0.427,0.331,0.317,0.268,135,497,79.7,14.4,2219,88.8,88.26,105,887,1132,-0.5,5.97,113,148,99,149,284,314,297
1204,553882,Omar Narvaez,1204,100,0.277,0.063,0.33,0.34,0.325,0.317,0.266,70,253,77.5,15.2,2249,89.2,88.84,77,522,678,-0.4,6.1,115,149,111,148,280,312,296
429,606192,Teoscar Hernandez,429,100,0.261,0.341,0.333,0.602,0.377,0.317,0.218,23,88,76.8,18.7,2258,89.1,88.47,76,215,211,-0.6,5.98,104,149,110,143,293,321,290
529,600869,Jeimer Candelario,529,100,0.283,0.142,0.351,0.425,0.348,0.316,0.243,36,127,83.8,17,2158,88.8,88.44,68,238,289,-0.4,6.04,114,148,111,149,291,319,295
1561,543484,Mikie Mahtook,1561,100,0.276,0.181,0.324,0.457,0.341,0.316,0.252,96,348,82.3,15.5,2229,88.4,88.02,140,674,881,-0.4,6.09,107,151,111,146,299,321,289
1664,543543,Brad Miller,1664,100,0.201,0.136,0.265,0.337,0.303,0.316,0.209,68,338,80.5,17.9,2238,89.2,88.53,236,754,893,-0.7,6.01,115,150,112,150,290,324,300
2320,514917,Cesar Hernandez,2320,100,0.294,0.127,0.353,0.421,0.353,0.316,0.251,150,511,79.9,9.7,2181,88.7,88.21,195,933,1361,-0.5,6.1,109,148,97,148,283,309,289
2049,598265,Jackie Bradley Jr.,2049,100,0.245,0.158,0.294,0.402,0.321,0.315,0.233,118,482,83.3,15.4,2200,88.5,87.97,283,957,1067,-0.5,6,111,147,110,149,286,320,302
833,595284,Andrew Knapp,833,100,0.257,0.111,0.36,0.368,0.334,0.315,0.227,44,171,82.7,12.2,2180,89.3,88.88,95,343,473,-0.4,6.12,113,149,113,150,288,313,293
1733,518792,Jason Heyward,1733,100,0.259,0.13,0.284,0.389,0.315,0.315,0.257,112,432,81.7,16.1,2181,89.9,89.46,132,803,922,-0.4,6.05,116,149,112,150,291,316,298
1344,656305,Matt Chapman,1344,100,0.234,0.238,0.29,0.472,0.337,0.314,0.216,68,290,83.5,25,2261,87.9,87.43,174,574,766,-0.5,5.97,107,150,114,145,300,320,293
2370,593160,Whit Merrifield,2370,100,0.288,0.172,0.308,0.46,0.338,0.314,0.258,169,587,82.5,20.4,2240,88.3,88.03,210,1198,1160,-0.3,6.07,105,149,102,146,300,316,286
382,592808,Andrew Toles,382,100,0.271,0.188,0.28,0.458,0.335,0.314,0.246,26,96,81.4,13,2217,87.9,87.18,35,198,182,-0.7,5.93,110,148,105,144,291,315,300
1217,608384,Nick Williams,1217,100,0.288,0.185,0.375,0.473,0.35,0.314,0.251,90,313,80.9,12.9,2220,88.7,88.37,248,719,492,-0.3,6.17,111,147,106,150,287,316,297
2279,592387,Ryon Healy,2279,100,0.271,0.181,0.319,0.451,0.326,0.313,0.252,156,576,83.4,15.8,2257,88,87.47,291,1083,1190,-0.5,5.95,107,151,116,146,302,324,294
2287,430945,Adam Jones,2287,100,0.285,0.181,0.312,0.466,0.34,0.313,0.258,170,597,81.7,17.8,2235,88.2,87.42,325,1329,944,-0.8,5.89,108,151,112,146,301,323,291
1141,500743,Miguel Rojas,1141,100,0.29,0.085,0.324,0.375,0.33,0.313,0.274,79,272,77.6,12.6,2209,89.4,88.82,74,543,567,-0.6,6.1,108,149,107,146,297,307,282
1306,517369,Jose Pirela,1306,100,0.288,0.202,0.343,0.49,0.36,0.312,0.248,90,312,82.6,12.7,2217,88.8,88.07,160,610,691,-0.7,5.94,108,149,108,146,299,318,293
1376,456665,Steve Pearce,1376,100,0.252,0.185,0.281,0.438,0.329,0.312,0.239,79,313,82.6,16.2,2239,88.3,87.64,139,650,717,-0.7,5.97,108,151,116,145,296,324,296
1706,472528,Luis Valbuena,1706,100,0.199,0.233,0.21,0.432,0.314,0.312,0.203,69,347,82.6,22.5,2192,88.2,87.76,215,750,948,-0.4,5.99,114,158,116,149,294,321,303
2182,543063,Brandon Crawford,2182,100,0.253,0.151,0.293,0.403,0.309,0.312,0.245,131,518,82.3,17.4,2192,88.2,87.67,312,1114,1054,-0.5,6.01,113,147,109,149,294,320,302
1933,571697,Scooter Gennett,1933,100,0.295,0.236,0.339,0.531,0.374,0.312,0.247,136,461,81.3,18,2191,88.7,88.38,205,944,975,-0.3,6.13,113,147,109,149,289,315,296
2196,605412,Joe Panik,2196,100,0.288,0.133,0.301,0.421,0.336,0.312,0.257,147,511,81,15.3,2173,88.6,88,105,944,1231,-0.6,5.99,115,148,105,149,287,317,300
1573,453056,Jacoby Ellsbury,1573,100,0.264,0.138,0.304,0.402,0.328,0.312,0.253,94,356,80.9,12.5,2213,88.8,88.21,122,670,883,-0.6,6.04,110,147,102,148,282,315,294
476,545338,Nick Franklin,476,100,0.179,0.104,0.207,0.283,0.253,0.312,0.248,19,106,79.1,11.7,2229,89,88.41,46,197,273,-0.6,5.95,114,147,105,149,290,311,293
2144,435063,Mike Napoli,2144,100,0.193,0.235,0.225,0.428,0.308,0.311,0.199,82,425,83.3,26.4,2223,89.2,88.78,318,921,1204,-0.4,6.07,106,151,116,146,303,326,298
387,451192,Jim Adduci,387,100,0.241,0.157,0.345,0.398,0.318,0.311,0.245,20,83,82.3,13.5,2221,89.5,88.94,49,195,192,-0.6,5.98,113,147,109,147,286,319,300
450,514913,Ruben Tejada,450,100,0.23,0.053,0.265,0.283,0.262,0.311,0.266,26,113,81.8,16.3,2238,89.4,88.86,33,220,226,-0.5,6,106,150,106,145,296,311,276
943,460269,Chris Gimenez,943,100,0.22,0.161,0.286,0.382,0.327,0.311,0.212,41,186,81.5,19.3,2213,88.6,88.1,111,395,541,-0.5,6.06,107,150,113,145,298,316,286
1536,467827,Gerardo Parra,1536,100,0.309,0.143,0.343,0.452,0.343,0.311,0.267,121,392,80.9,11.7,2178,88.7,88.51,154,785,733,-0.2,6.03,113,148,105,148,296,321,305
1210,594824,Greg Garcia,1210,100,0.253,0.079,0.335,0.332,0.316,0.311,0.242,61,241,76.6,11.1,2218,89.3,88.84,96,474,721,-0.5,6.02,112,148,103,149,288,313,297
1851,592273,Brandon Drury,1851,100,0.267,0.18,0.32,0.447,0.331,0.31,0.253,119,445,82.5,10.1,2244,88.7,88.1,198,839,1001,-0.6,5.94,108,150,112,146,303,320,295
882,607054,Jace Peterson,882,100,0.215,0.102,0.279,0.317,0.29,0.31,0.228,40,186,82.2,8.2,2206,88.9,88.34,92,336,529,-0.6,5.97,111,148,104,150,289,312,296
2513,572816,Corey Dickerson,2513,100,0.282,0.207,0.338,0.49,0.35,0.31,0.249,166,588,81,22.2,2228,88.9,88.27,418,1464,1023,-0.6,6.02,115,151,117,151,292,324,301
2034,543281,Josh Harrison,2034,100,0.272,0.16,0.303,0.432,0.337,0.31,0.248,132,486,80.3,20.6,2218,88.9,88.43,234,1068,929,-0.5,6,108,151,103,146,300,314,289
1132,622194,Bruce Maxwell,1132,100,0.237,0.096,0.316,0.333,0.3,0.31,0.235,52,219,80.1,15.4,2183,88.6,88.2,101,470,662,-0.4,6.05,115,151,115,150,289,319,301
2148,444482,David Peralta,2148,100,0.293,0.15,0.333,0.444,0.349,0.309,0.253,154,525,82.6,11.7,2224,88.8,88.22,227,1041,1096,-0.6,5.93,115,150,112,149,295,320,304
2504,446334,Evan Longoria,2504,100,0.261,0.163,0.282,0.424,0.32,0.309,0.244,160,613,82.1,17.5,2259,88.5,87.87,259,1241,1245,-0.6,5.99,107,151,116,146,301,327,296
2195,516416,Jean Segura,2195,100,0.3,0.128,0.339,0.427,0.342,0.309,0.261,157,524,81.1,13.2,2252,89.1,88.79,171,1076,1100,-0.3,6.09,108,150,105,147,297,314,283
1376,518595,Travis d'Arnaud,1376,100,0.244,0.198,0.25,0.443,0.316,0.307,0.242,85,348,82.2,18,2236,88.4,87.96,170,712,650,-0.4,6.11,108,151,114,147,296,316,293
2226,474568,Jordy Mercer,2226,100,0.255,0.151,0.284,0.406,0.323,0.307,0.249,128,502,81.6,15.1,2220,88.8,88.25,143,915,1267,-0.6,5.99,110,150,110,147,301,313,286
1318,516782,Starling Marte,1318,100,0.275,0.104,0.324,0.379,0.318,0.307,0.248,85,309,77.7,12.3,2212,88.8,88.45,150,652,647,-0.4,6.07,107,151,104,146,301,314,289
1503,608365,Addison Russell,1503,100,0.239,0.179,0.289,0.418,0.315,0.306,0.24,84,352,82.7,20.7,2206,88.5,88.09,204,740,737,-0.4,6.09,108,151,111,146,298,315,291
971,660162,Yoan Moncada,971,100,0.231,0.181,0.325,0.412,0.332,0.306,0.209,46,199,81.5,15.2,2233,88.1,87.9,132,415,550,-0.2,6.16,111,148,106,146,287,317,296
720,491696,Jesus Sucre,720,100,0.256,0.153,0.275,0.409,0.298,0.306,0.258,45,176,81.4,17.7,2282,88.8,88.11,83,343,372,-0.7,5.95,107,151,114,147,298,319,286
1580,518614,Daniel Descalso,1580,100,0.233,0.163,0.283,0.395,0.323,0.306,0.215,80,344,81.3,16.9,2224,89.2,88.73,150,639,935,-0.5,5.98,114,147,106,150,289,316,301
447,592230,Kaleb Cowart,447,100,0.225,0.157,0.282,0.382,0.304,0.306,0.233,23,102,77.1,9.8,2192,88.6,88.17,63,209,228,-0.4,6.02,112,147,109,148,294,317,298
1694,607208,Trea Turner,1694,100,0.284,0.167,0.329,0.451,0.344,0.305,0.245,117,412,84,11.8,2179,88.7,88.44,168,737,942,-0.3,6.15,106,150,102,146,298,315,291
1592,543760,Marcus Semien,1592,100,0.249,0.149,0.3,0.398,0.318,0.305,0.23,85,342,81.4,20.5,2255,87.9,87.4,181,712,875,-0.5,5.96,106,149,109,145,300,320,290
2986,430832,Jose Bautista,2986,100,0.203,0.164,0.239,0.366,0.301,0.304,0.207,119,587,82.4,22,2268,88.2,87.56,347,1220,1748,-0.6,5.97,108,152,117,145,299,327,301
2295,592743,Andrelton Simmons,2295,100,0.278,0.143,0.291,0.421,0.329,0.304,0.256,164,589,81.3,11.8,2245,88,87.42,143,1053,1229,-0.6,5.95,106,150,105,146,301,320,291
2195,546318,Odubel Herrera,2195,100,0.281,0.171,0.345,0.452,0.337,0.304,0.253,148,526,81.1,14.5,2186,88.9,88.45,309,1157,1013,-0.4,6.13,113,148,102,150,285,315,295
2112,408252,Brandon Phillips,2112,100,0.285,0.131,0.308,0.416,0.321,0.304,0.274,163,572,78.5,12.5,2219,88.4,87.93,239,1183,914,-0.5,6,108,150,111,147,302,315,286
897,408236,Adrian Gonzalez,897,100,0.242,0.113,0.28,0.355,0.281,0.303,0.252,56,231,83,14.2,2232,89.5,88.84,110,451,444,-0.7,5.95,116,162,120,150,297,320,304
685,547004,Rio Ruiz,685,100,0.193,0.113,0.231,0.307,0.267,0.303,0.22,29,150,82.9,14.5,2151,88.3,87.67,91,335,347,-0.6,5.95,114,148,110,152,290,315,297
1400,571771,Enrique Hernandez,1400,100,0.215,0.205,0.254,0.421,0.316,0.303,0.214,64,297,81.8,18.9,2237,88.3,87.6,166,651,738,-0.7,5.89,107,150,110,146,300,315,294
1843,516770,Starlin Castro,1843,100,0.3,0.153,0.347,0.454,0.345,0.303,0.254,133,443,81.4,13.5,2253,88.1,87.46,213,918,917,-0.6,5.96,109,152,115,147,302,322,288
1787,500208,Yangervis Solarte,1787,100,0.255,0.161,0.258,0.416,0.32,0.303,0.245,119,466,81,16.7,2190,88.6,87.87,144,912,855,-0.7,5.94,112,153,112,149,294,318,297
1125,573627,Kennys Vargas,1125,100,0.253,0.191,0.325,0.444,0.329,0.303,0.231,61,241,79.9,13.4,2190,87.9,87.34,154,509,610,-0.6,6.03,115,157,125,150,297,322,299
1063,502100,Alex Presley,1063,100,0.314,0.102,0.383,0.416,0.336,0.303,0.281,77,245,78.4,14.4,2213,88.8,88.63,92,502,560,-0.2,6.13,111,147,101,146,280,313,296
2140,452254,Hunter Pence,2140,100,0.26,0.126,0.301,0.385,0.31,0.302,0.233,128,493,84.3,11.4,2234,89,88.54,258,958,1176,-0.5,6.01,107,150,114,146,301,321,294
2030,571830,Tommy Joseph,2030,100,0.24,0.192,0.28,0.432,0.311,0.302,0.24,119,495,83.8,18,2217,88.8,88.27,267,1005,1019,-0.5,6.09,107,152,116,147,296,318,292
2343,596748,Maikel Franco,2343,100,0.23,0.179,0.234,0.409,0.299,0.302,0.243,132,575,83.5,14.8,2204,88.4,87.95,262,1174,1157,-0.4,6.12,107,151,115,147,296,319,293
1950,471865,Carlos Gonzalez,1950,100,0.262,0.162,0.318,0.423,0.334,0.302,0.229,123,470,81.8,11.2,2195,88.7,88.41,310,967,967,-0.3,6,116,157,121,149,306,328,309
2547,462101,Elvis Andrus,2547,100,0.297,0.174,0.325,0.471,0.349,0.302,0.254,191,643,81.2,12.3,2241,88.5,88.05,235,1200,1338,-0.4,6.06,105,148,105,145,299,317,287
2220,607680,Kevin Pillar,2220,100,0.256,0.148,0.28,0.404,0.306,0.302,0.258,150,587,80.1,15.9,2252,88.7,88.04,190,1153,1056,-0.7,5.97,104,148,105,145,296,320,288
671,519023,Devin Mesoraco,671,100,0.213,0.177,0.245,0.39,0.316,0.302,0.206,30,141,78.7,17.9,2198,88.6,88.03,84,325,341,-0.6,6.05,109,150,115,144,295,317,290
450,502226,Craig Gentry,450,100,0.257,0.129,0.316,0.386,0.312,0.302,0.247,26,101,77.6,11.9,2263,88.3,87.59,44,197,246,-0.7,5.96,103,147,103,145,296,313,281
769,501659,Abraham Almonte,769,100,0.233,0.134,0.298,0.366,0.302,0.301,0.231,40,172,83.1,8.3,2200,88,87.46,97,363,403,-0.5,6.02,107,146,101,147,289,314,295
1857,592669,Hunter Renfroe,1857,100,0.231,0.236,0.275,0.467,0.321,0.301,0.22,103,445,82.9,19.6,2276,88.2,87.54,295,892,958,-0.7,5.92,108,152,116,146,302,321,298
631,446653,Jose Lobaton,631,100,0.17,0.106,0.194,0.277,0.238,0.301,0.225,24,141,79.8,13.3,2191,88.8,88.46,76,303,322,-0.3,6.11,113,151,114,149,290,313,297
1448,543401,Jason Kipnis,1448,100,0.232,0.182,0.256,0.414,0.303,0.3,0.227,78,336,81.6,20.1,2212,88.4,87.98,141,662,776,-0.4,6.04,115,147,107,148,286,316,299
2212,460086,Alex Gordon,2212,100,0.208,0.107,0.261,0.315,0.275,0.3,0.224,99,476,81,17.3,2214,88,87.69,241,1042,1142,-0.3,6.04,113,153,114,150,292,320,301
1122,519184,Ben Revere,1122,100,0.275,0.069,0.296,0.344,0.291,0.3,0.284,80,291,78,8.2,2219,88.9,88.51,46,484,628,-0.4,6.03,105,145,93,144,275,308,296
1425,444489,Manny Pina,1425,100,0.279,0.145,0.339,0.424,0.327,0.299,0.246,92,330,82.2,21.1,2205,89,88.57,169,719,701,-0.4,6.07,108,150,112,146,300,313,287
1117,546991,Albert Almora Jr.,1117,100,0.298,0.147,0.338,0.445,0.338,0.299,0.255,89,299,82.1,12.1,2180,87.7,87.19,141,573,533,-0.5,6.02,107,149,106,145,296,313,289
1555,570256,Gregory Polanco,1555,100,0.251,0.14,0.272,0.391,0.306,0.299,0.248,95,379,81.1,16.2,2182,88.6,88.06,148,769,767,-0.5,6.02,115,150,113,150,297,317,297
1091,543302,Chris Herrmann,1091,100,0.181,0.164,0.207,0.345,0.276,0.298,0.207,41,226,83.4,15.9,2185,88.9,88.33,135,475,616,-0.6,5.9,114,151,115,149,294,319,302
1855,571602,Matt Davidson,1855,100,0.22,0.232,0.285,0.452,0.302,0.298,0.212,91,414,82.7,22.6,2282,88.3,87.85,326,898,952,-0.5,6.06,107,151,114,146,299,322,293
559,572033,Josh Phegley,559,100,0.201,0.134,0.223,0.336,0.26,0.298,0.239,30,149,82.4,20.1,2206,87.9,87.27,64,282,275,-0.6,5.91,106,150,113,145,298,318,285
2132,596146,Max Kepler,2132,100,0.243,0.182,0.276,0.425,0.321,0.298,0.236,124,511,82.2,16.1,2203,88.3,87.72,205,915,1200,-0.6,6.02,115,149,110,149,291,319,297
2000,502143,Danny Valencia,2000,100,0.256,0.156,0.312,0.411,0.316,0.297,0.237,115,450,83.8,14,2249,87.7,87.24,256,856,1142,-0.5,6.03,107,150,116,146,298,320,292
961,622666,Johan Camargo,961,100,0.299,0.154,0.364,0.452,0.337,0.297,0.261,72,241,82.7,14.1,2151,88.3,87.99,112,480,472,-0.3,6.01,111,150,106,150,293,317,294
707,611177,Adonis Garcia,707,100,0.237,0.11,0.247,0.347,0.274,0.297,0.257,41,173,81.3,12.7,2181,88.7,87.91,74,372,332,-0.8,5.93,109,150,114,147,299,315,289
951,519222,Austin Romine,951,100,0.218,0.074,0.277,0.293,0.253,0.297,0.254,50,229,79.8,14.6,2255,88.6,88.15,123,467,481,-0.4,6.08,108,150,115,147,299,316,284
762,446386,Brandon Guyer,762,100,0.236,0.091,0.303,0.327,0.295,0.297,0.233,39,165,78.1,17.5,2188,88.7,88.32,79,324,425,-0.4,6.06,105,149,107,143,295,315,286
901,646240,Rafael Devers,901,100,0.284,0.198,0.342,0.482,0.355,0.296,0.223,63,222,82.5,16,2217,88.9,88.48,120,452,437,-0.4,6.02,117,149,116,150,284,320,304
841,591741,Jose Osuna,841,100,0.233,0.195,0.254,0.428,0.298,0.296,0.251,50,215,81.6,13.3,2186,87.9,87.41,91,425,414,-0.5,5.99,109,150,113,146,304,316,290
1378,519237,Cameron Rupp,1378,100,0.217,0.2,0.298,0.417,0.313,0.295,0.202,64,295,82.8,16,2221,89.5,89.1,232,624,745,-0.4,6.14,110,153,116,148,295,317,291
2488,594807,Adam Duvall,2488,100,0.249,0.232,0.29,0.48,0.332,0.295,0.217,146,587,81.5,22.8,2206,88.9,88.53,312,1196,1278,-0.4,6.12,106,150,115,144,299,318,293
1110,455759,Chris Young,1110,100,0.235,0.152,0.275,0.387,0.315,0.295,0.222,57,243,81,20.1,2215,88.7,88.27,87,435,672,-0.4,6.04,107,151,114,145,287,319,295
1096,547379,Roberto Perez,1096,100,0.207,0.166,0.266,0.373,0.289,0.295,0.22,45,217,80.8,14.8,2256,88.2,87.78,110,429,660,-0.4,6.02,108,149,113,144,294,313,288
890,474892,Chris Carter,890,100,0.201,0.168,0.284,0.37,0.288,0.294,0.19,37,184,82.2,22.7,2242,88.5,87.88,172,425,462,-0.6,5.96,109,152,117,146,305,327,294
1642,572191,Michael Taylor,1642,100,0.271,0.216,0.363,0.486,0.345,0.294,0.222,108,399,81.4,15.7,2188,88.4,88.05,268,801,821,-0.4,6.13,106,150,105,146,299,317,294
780,608061,T.J. Rivera,780,100,0.29,0.14,0.318,0.43,0.331,0.294,0.254,62,214,80.4,17.4,2212,88.4,87.84,85,411,364,-0.6,6.03,107,151,110,146,295,314,292
1919,542979,Keon Broxton,1919,100,0.22,0.2,0.323,0.42,0.313,0.294,0.205,91,414,79.8,14.2,2226,88.6,87.98,361,878,1026,-0.6,5.98,107,150,106,146,302,315,289
1097,467055,Pablo Sandoval,1097,100,0.22,0.147,0.24,0.367,0.276,0.293,0.232,57,259,82.4,19.1,2208,88.8,88.24,149,633,463,-0.6,5.98,112,150,115,148,292,320,300
1171,588751,Adeiny Hechavarria,1171,100,0.261,0.145,0.304,0.406,0.3,0.293,0.26,86,330,80.8,14.7,2266,88.8,88.18,166,674,491,-0.6,6.02,106,150,106,146,299,317,285
1790,446308,Matt Wieters,1790,100,0.225,0.118,0.264,0.344,0.281,0.293,0.233,95,422,80,17.2,2164,88.5,88.14,181,870,901,-0.4,6.1,113,154,119,150,293,317,299
296,449181,Paulo Orlando,296,100,0.198,0.105,0.234,0.302,0.229,0.292,0.255,17,86,82.8,15.7,2237,88.3,88.23,52,173,119,-0.1,6.2,103,149,103,145,299,317,286
669,605233,Derek Fisher,669,100,0.212,0.144,0.299,0.356,0.298,0.292,0.214,31,146,81.4,8.2,2218,88.4,87.77,84,265,400,-0.6,5.96,115,147,109,150,290,323,295
1305,605548,Bradley Zimmer,1305,100,0.241,0.144,0.328,0.385,0.305,0.292,0.216,72,299,81.2,13.4,2221,88.3,87.93,191,610,685,-0.4,5.98,112,147,106,148,288,317,299
1073,545350,Jake Marisnick,1073,100,0.243,0.252,0.32,0.496,0.346,0.292,0.193,56,230,80.5,21.5,2239,88.5,88.08,196,531,522,-0.4,6.05,104,148,106,145,297,321,288
2309,444432,Mark Trumbo,2309,100,0.234,0.163,0.278,0.397,0.3,0.291,0.227,131,559,83.5,18.3,2243,88.3,87.52,342,1145,1163,-0.8,5.88,108,152,117,146,302,326,295
1464,493114,Norichika Aoki,1464,100,0.277,0.116,0.301,0.393,0.321,0.291,0.251,93,336,82.5,11.1,2198,88.8,88.36,97,671,783,-0.4,6.08,108,145,97,146,271,306,293
751,519083,Derek Norris,751,100,0.201,0.179,0.214,0.38,0.276,0.291,0.223,36,179,82.5,23.4,2246,88.3,87.62,99,370,377,-0.7,6.08,108,152,114,147,297,321,287
846,572114,Ryan Schimpf,846,100,0.158,0.267,0.145,0.424,0.307,0.291,0.156,26,165,82.5,33.1,2285,88.1,87.23,89,323,517,-0.9,5.85,117,158,125,151,296,321,301
2225,621020,Dansby Swanson,2225,100,0.232,0.092,0.292,0.324,0.289,0.291,0.228,113,488,82,12.4,2213,88.3,87.77,231,972,1214,-0.5,5.98,108,150,108,147,299,312,285
1842,457727,Cameron Maybin,1842,100,0.228,0.137,0.274,0.365,0.306,0.291,0.218,90,395,81.9,10.2,2243,88.9,88.38,160,684,1147,-0.5,6,106,149,104,145,301,319,288
1241,519390,Stephen Vogt,1241,100,0.233,0.19,0.249,0.423,0.305,0.291,0.228,65,279,81.1,20.9,2174,88.4,87.87,98,552,684,-0.5,6,116,160,117,151,292,319,297
1357,543877,Christian Vazquez,1357,100,0.29,0.114,0.348,0.404,0.324,0.291,0.256,94,324,80.7,12.3,2268,89.3,88.79,107,600,751,-0.5,6.02,107,149,113,146,290,314,286
431,643335,Zack Granite,431,100,0.237,0.054,0.25,0.29,0.28,0.291,0.25,22,93,79.9,15.4,2239,90,89.44,10,160,265,-0.6,6.01,104,144,95,143,275,304,292
1899,595879,Javier Baez,1899,100,0.273,0.207,0.345,0.48,0.339,0.29,0.224,128,469,82.9,15.2,2199,88.6,88.18,378,1037,799,-0.4,6.05,107,151,110,145,298,316,295
2192,592325,Ben Gamel,2192,100,0.275,0.138,0.34,0.413,0.322,0.29,0.244,140,509,81.6,14.5,2219,88.4,87.95,205,977,1208,-0.4,6.05,112,147,105,148,283,313,296
722,501303,Ehire Adrianza,722,100,0.265,0.117,0.291,0.383,0.308,0.29,0.23,43,162,79.3,18,2180,88.8,88.26,33,304,401,-0.5,6.04,108,145,102,146,286,311,289
740,592620,Jarrett Parker,740,100,0.247,0.169,0.343,0.416,0.308,0.29,0.222,41,166,79,10.7,2245,87.8,87.24,96,332,404,-0.6,6.01,112,150,115,149,292,321,302
2298,596115,Trevor Story,2298,100,0.239,0.219,0.332,0.457,0.33,0.289,0.205,120,503,81.6,22.4,2249,88.8,88.51,346,1098,1182,-0.3,5.98,107,151,113,146,310,326,303
1140,460026,Nick Hundley,1140,100,0.244,0.174,0.307,0.418,0.295,0.289,0.237,70,287,81.3,16.5,2226,89.1,88.51,163,598,535,-0.6,6,107,150,114,145,300,319,289
1043,607345,Kevan Smith,1043,100,0.283,0.105,0.323,0.388,0.303,0.289,0.263,78,276,79.6,11.4,2254,88.8,88.47,120,567,465,-0.3,6.09,107,149,113,145,297,316,284
1916,518735,Yasmani Grandal,1916,100,0.247,0.212,0.298,0.459,0.33,0.288,0.216,108,438,81.9,20.3,2168,88.6,87.98,248,887,1020,-0.6,5.95,114,157,118,150,300,319,302
565,640449,Clint Frazier,565,100,0.231,0.216,0.307,0.448,0.304,0.288,0.222,31,134,80.5,17.9,2254,89,88.6,78,274,290,-0.4,6.08,107,152,114,147,300,318,288
1115,600301,Taylor Motter,1115,100,0.198,0.128,0.232,0.326,0.259,0.288,0.234,51,258,80.2,18.6,2224,88.7,88.2,104,497,617,-0.5,6.04,105,149,110,144,293,318,289
2078,408314,Jose Reyes,2078,100,0.246,0.168,0.263,0.413,0.316,0.288,0.233,123,501,79.3,19.5,2158,88.6,88.22,166,933,1135,-0.4,6.1,108,148,99,149,286,311,294
369,664056,Harrison Bader,369,100,0.235,0.141,0.288,0.376,0.289,0.287,0.226,20,85,79.6,13.1,2222,89.2,88.55,51,176,189,-0.7,5.93,106,149,109,146,302,315,294
1111,544725,Leury Garcia,1111,100,0.27,0.153,0.321,0.423,0.319,0.287,0.241,81,300,79.6,10.7,2190,88.2,87.69,140,604,484,-0.5,6.02,106,146,97,145,283,312,289
2026,622534,Manuel Margot,2026,100,0.263,0.146,0.309,0.409,0.315,0.287,0.241,128,487,79.5,15.7,2251,88.6,87.87,198,923,1097,-0.7,5.92,108,150,103,146,299,316,290
1263,461858,Trevor Plouffe,1263,100,0.198,0.12,0.251,0.318,0.265,0.286,0.218,56,283,82,19.3,2229,88.2,87.62,139,561,691,-0.6,6.02,107,151,113,146,301,324,291
967,453064,Troy Tulowitzki,967,100,0.249,0.129,0.272,0.378,0.299,0.286,0.236,60,241,81.7,14.5,2237,88.7,88.15,79,440,525,-0.5,6.02,107,152,117,146,299,326,296
456,570481,Erik Gonzalez,456,100,0.255,0.164,0.343,0.418,0.294,0.286,0.242,28,110,81.3,9.3,2218,88.1,87.6,89,248,204,-0.5,5.98,108,149,109,144,294,313,286
2649,520471,Freddy Galvis,2649,100,0.255,0.127,0.292,0.382,0.304,0.286,0.236,155,608,81,18.6,2182,88.8,88.32,228,1278,1345,-0.5,6.1,109,148,99,149,287,313,291
432,621433,Brett Phillips,432,100,0.276,0.172,0.408,0.448,0.347,0.286,0.21,24,87,78.7,14.4,2199,89,88.76,57,178,246,-0.2,6.12,111,148,105,150,294,314,296
1367,594694,Wilmer Difo,1367,100,0.271,0.099,0.332,0.37,0.302,0.286,0.25,90,332,77.8,11.2,2186,88.7,88.38,180,701,630,-0.3,6.15,107,146,99,147,284,308,294
2425,596059,Rougned Odor,2425,100,0.204,0.193,0.224,0.397,0.28,0.285,0.221,124,607,83.3,21.4,2215,87.7,87.25,330,1269,1125,-0.4,6.04,114,152,113,150,296,324,301
1940,136860,Carlos Beltran,1940,100,0.231,0.152,0.263,0.383,0.291,0.285,0.228,108,467,82.8,18.4,2219,88.1,87.6,183,922,1002,-0.5,5.99,113,157,124,150,291,323,295
406,595426,Brock Stassi,406,100,0.167,0.128,0.204,0.295,0.263,0.285,0.205,13,78,81.6,20.8,2225,89.7,89.28,28,171,235,-0.4,6.16,113,153,120,151,287,313,295
2073,544369,Didi Gregorius,2073,100,0.287,0.191,0.287,0.478,0.341,0.285,0.249,153,534,80.1,21.9,2226,88.7,88.12,263,1205,857,-0.6,6,113,148,105,149,286,319,294
662,595144,Jaycob Brugman,662,100,0.266,0.077,0.34,0.343,0.314,0.285,0.228,38,143,79.3,10.9,2172,88.3,87.95,65,282,373,-0.4,6.04,111,147,101,148,277,308,296
2014,606115,Orlando Arcia,2014,100,0.277,0.13,0.317,0.407,0.321,0.284,0.239,140,506,80.5,12.6,2212,88,87.43,275,1068,901,-0.6,5.99,106,148,104,146,300,312,287
421,542513,Tomas Telis,421,100,0.24,0.106,0.263,0.346,0.275,0.284,0.251,25,104,80.1,12.5,2151,89.6,89.15,19,181,236,-0.4,6.13,111,147,110,147,287,309,294
800,623182,Patrick Kivlehan,800,100,0.208,0.191,0.257,0.399,0.31,0.284,0.19,37,178,79.2,13.8,2221,88.5,88.12,124,369,427,-0.4,6.13,108,150,112,145,296,313,287
1329,485567,Ezequiel Carrera,1329,100,0.282,0.125,0.358,0.408,0.335,0.284,0.22,81,287,78.2,5.9,2197,87.8,87.19,119,509,800,-0.6,6.01,108,146,98,147,282,317,298
933,519333,Matt Szczur,933,100,0.226,0.128,0.275,0.354,0.317,0.284,0.189,44,195,77.7,21.8,2233,89.1,88.6,84,404,517,-0.5,6.02,108,150,104,145,296,314,287
1860,606299,Jose Peraza,1860,100,0.259,0.066,0.293,0.324,0.278,0.284,0.261,126,487,77.2,15.5,2199,89,88.61,146,947,890,-0.4,6.09,107,149,102,146,295,307,277
2564,593428,Xander Bogaerts,2564,100,0.273,0.13,0.327,0.403,0.331,0.283,0.232,156,571,81,12.7,2253,88.6,88.03,222,1065,1472,-0.6,5.99,108,150,112,146,291,316,289
1105,453923,Gregor Blanco,1105,100,0.246,0.112,0.321,0.357,0.313,0.283,0.209,55,224,80,17.9,2155,89.3,88.79,96,439,662,-0.5,5.91,112,147,100,149,287,316,301
2551,542255,Ender Inciarte,2551,100,0.304,0.106,0.339,0.409,0.335,0.283,0.248,201,662,78.2,14.3,2163,88.9,88.39,193,1326,1189,-0.5,5.99,110,147,96,147,281,310,295
1029,543376,Caleb Joseph,1029,100,0.256,0.157,0.328,0.413,0.303,0.282,0.241,65,254,81.1,15.3,2271,88.8,88.13,134,508,520,-0.7,5.95,109,151,115,146,298,316,283
2069,593871,Jorge Polanco,2069,100,0.256,0.154,0.278,0.41,0.312,0.282,0.23,125,488,80.2,18.4,2189,88.7,88.21,131,890,1156,-0.5,6.05,108,146,100,146,288,315,290
612,621559,Max Moroff,612,100,0.2,0.125,0.28,0.325,0.283,0.282,0.198,24,120,79.8,20.1,2162,88.8,88.37,85,261,349,-0.4,6.03,114,148,104,149,291,310,292
1332,461865,Andrew Romine,1332,100,0.233,0.104,0.281,0.336,0.277,0.282,0.239,74,318,78.6,12.7,2159,89.2,88.96,165,707,617,-0.2,6.15,110,148,104,147,283,314,293
1460,543228,Yan Gomes,1460,100,0.232,0.167,0.283,0.399,0.311,0.281,0.202,79,341,81.2,21,2243,88.7,88.26,209,764,686,-0.4,6.05,109,150,114,145,296,315,290
592,570482,Giovanny Urshela,592,100,0.224,0.064,0.256,0.288,0.246,0.281,0.249,35,156,80.2,12.9,2236,88,87.56,53,319,272,-0.4,6.05,110,151,114,146,298,314,286
697,607385,Tyler Collins,697,100,0.193,0.14,0.264,0.333,0.274,0.28,0.196,29,150,83.9,23.6,2199,88.6,88.15,100,315,382,-0.4,6.06,112,147,106,149,283,318,299
862,471083,Miguel Montero,862,100,0.216,0.13,0.254,0.346,0.295,0.28,0.187,40,185,81.7,22,2179,89.3,88.87,90,401,454,-0.4,6.03,115,158,121,150,291,321,302
1996,621439,Byron Buxton,1996,100,0.253,0.16,0.339,0.413,0.316,0.28,0.216,117,462,79.9,18.2,2264,88.6,88.09,300,961,1000,-0.5,6.07,101,146,98,142,296,316,286
731,542908,Jett Bandy,731,100,0.207,0.142,0.259,0.349,0.285,0.279,0.214,35,169,80.2,19.6,2263,88.6,87.94,98,375,351,-0.7,5.95,109,150,113,146,300,313,291
1674,595281,Kevin Kiermaier,1674,100,0.276,0.174,0.337,0.45,0.341,0.279,0.215,105,380,79.8,14.5,2236,88.3,87.65,212,792,853,-0.6,6.01,107,146,99,148,286,321,297
1066,547172,Tony Wolters,1066,100,0.24,0.044,0.316,0.284,0.291,0.279,0.217,55,229,78.6,11.2,2171,89,88.6,89,448,579,-0.4,5.98,114,149,106,146,290,315,302
1795,605486,Cory Spangenberg,1795,100,0.264,0.137,0.342,0.401,0.318,0.278,0.219,117,444,80.5,14.7,2226,88.4,87.67,230,874,900,-0.7,5.91,110,146,101,148,286,314,298
563,607387,Ryan Rua,563,100,0.217,0.116,0.338,0.333,0.281,0.278,0.207,28,129,80.3,14.8,2208,88.2,87.73,96,257,304,-0.5,6.04,108,151,114,146,304,324,294
1568,541650,Hernan Perez,1568,100,0.259,0.155,0.286,0.414,0.303,0.278,0.241,112,432,79.7,13.3,2212,88.8,88.25,189,816,742,-0.6,5.99,108,150,107,146,301,313,288
1428,491676,Gorkys Hernandez,1428,100,0.255,0.071,0.331,0.326,0.295,0.277,0.222,79,310,78.8,11.5,2247,88.8,88.25,168,654,737,-0.5,5.96,107,149,102,147,294,314,286
1415,502481,Jarrod Dyson,1415,100,0.251,0.098,0.285,0.35,0.3,0.277,0.227,87,346,76.7,13.2,2224,89,88.51,85,609,775,-0.5,6.04,102,142,90,143,272,306,293
2010,570560,Yolmer Sanchez,2010,100,0.267,0.147,0.321,0.413,0.316,0.276,0.229,129,484,79.6,16.2,2207,88.8,88.51,239,1000,989,-0.3,6.1,108,146,99,146,283,313,291
479,591994,Willy Garcia,479,100,0.238,0.162,0.311,0.4,0.305,0.275,0.204,25,105,83.4,16.4,2255,87.9,87.47,65,208,269,-0.4,6.04,106,150,111,145,300,319,292
366,607752,Sam Travis,366,100,0.263,0.079,0.377,0.342,0.301,0.275,0.226,20,76,82.6,13.9,2181,88.3,87.89,42,141,224,-0.4,6.03,106,149,113,145,295,318,292
313,656669,Jordan Luplow,313,100,0.205,0.179,0.241,0.385,0.288,0.275,0.205,16,78,80.9,18.8,2217,88.8,88.55,41,151,160,-0.2,6.15,111,151,111,146,303,312,289
1721,456488,Eduardo Nunez,1721,100,0.313,0.148,0.333,0.46,0.348,0.275,0.246,146,467,80.5,13.8,2252,88.3,87.72,150,911,802,-0.6,5.98,106,149,104,145,292,316,288
567,621471,Boog Powell,567,100,0.282,0.12,0.349,0.402,0.335,0.275,0.216,33,117,79.9,17.1,2233,89.1,88.57,45,217,346,-0.5,5.99,107,145,99,146,279,313,298
1781,455117,Martin Maldonado,1781,100,0.221,0.147,0.273,0.368,0.279,0.275,0.215,95,429,78.9,15.5,2230,88.2,87.7,235,871,878,-0.5,5.99,107,150,112,146,301,319,289
358,608701,Rob Refsnyder,358,100,0.17,0.045,0.211,0.216,0.216,0.274,0.221,15,88,82.3,9.4,2228,89.1,88.85,33,148,205,-0.2,6.18,106,149,110,145,297,315,286
991,459431,Michael Saunders,991,100,0.202,0.142,0.242,0.344,0.265,0.274,0.218,44,218,80.4,16.9,2186,88.7,88.15,112,470,512,-0.6,6.09,117,152,119,152,289,317,296
1327,641319,Carlos Asuaje,1327,100,0.27,0.091,0.346,0.362,0.308,0.274,0.224,83,307,79.4,16.6,2191,89.1,88.51,123,612,709,-0.6,5.98,112,147,100,149,284,311,295
543,527043,Jefry Marte,543,100,0.173,0.134,0.2,0.307,0.261,0.273,0.196,22,127,82.5,12.2,2201,87.5,86.81,69,238,301,-0.7,5.97,107,151,113,145,303,321,292
625,445988,Martin Prado,625,100,0.25,0.107,0.282,0.357,0.279,0.273,0.245,35,140,82.1,12.3,2211,88.7,87.92,33,233,391,-0.8,5.98,109,150,112,147,300,312,288
641,454560,A.J. Ellis,641,100,0.21,0.161,0.222,0.371,0.294,0.273,0.197,30,143,80.8,16.5,2227,90.1,89.58,52,270,365,-0.5,6.09,108,149,113,146,297,309,281
537,624414,Christian Arroyo,537,100,0.192,0.112,0.231,0.304,0.244,0.273,0.227,24,125,79.6,10.8,2196,87.4,86.75,55,278,253,-0.7,5.97,110,150,110,146,296,314,288
1593,628338,Guillermo Heredia,1593,100,0.249,0.088,0.284,0.337,0.294,0.273,0.224,96,386,79.3,14.4,2243,89.1,88.68,103,692,864,-0.4,6.1,102,148,101,145,295,314,282
822,592192,Mark Canha,822,100,0.208,0.173,0.274,0.382,0.279,0.272,0.208,36,173,81.5,21.3,2209,88.2,87.71,106,410,405,-0.5,6.02,106,150,114,146,300,323,291
756,553869,Elias Diaz,756,100,0.223,0.09,0.273,0.314,0.258,0.272,0.238,42,188,80.6,15.2,2212,89.6,89.22,74,390,366,-0.4,6.06,109,149,114,146,301,312,286
617,606132,Raimel Tapia,617,100,0.288,0.138,0.361,0.425,0.329,0.272,0.242,46,160,75.4,15.1,2234,89.6,89.17,78,354,252,-0.4,5.99,109,145,95,146,288,313,303
403,614173,Franchy Cordero,403,100,0.228,0.196,0.4,0.424,0.298,0.271,0.197,21,92,81.9,14,2242,89,88.32,89,209,194,-0.7,5.89,116,150,105,151,294,317,298
466,596103,Austin Slater,466,100,0.282,0.12,0.353,0.402,0.329,0.27,0.217,33,117,84.5,8.1,2262,88.9,88.66,59,219,245,-0.2,6.1,109,150,110,146,303,320,291
771,489138,Tyler Moore,771,100,0.23,0.171,0.287,0.401,0.285,0.27,0.212,43,187,83.3,21.2,2155,88.2,87.51,116,392,377,-0.7,5.99,107,151,114,146,302,319,293
316,543706,Daniel Robertson,316,100,0.225,0.113,0.224,0.338,0.276,0.27,0.238,18,80,81.1,-1.6,2197,88,87.67,6,122,188,-0.3,6.05,107,149,103,143,289,307,283
332,451089,Shane Peterson,332,100,0.253,0.139,0.316,0.392,0.305,0.27,0.214,20,79,80.4,21.2,2220,87.7,86.88,55,185,144,-0.8,5.9,114,149,105,149,285,319,299
865,642707,Allen Cordoba,865,100,0.208,0.089,0.259,0.297,0.263,0.27,0.217,42,202,77,10,2273,88.2,87.52,107,377,474,-0.7,5.9,109,151,106,147,299,314,288
1369,572008,Chris Owings,1369,100,0.268,0.174,0.318,0.442,0.317,0.269,0.226,97,362,81,14.8,2269,88.1,87.41,176,759,599,-0.7,5.88,106,149,104,146,303,318,292
1245,506702,Sandy Leon,1245,100,0.225,0.129,0.28,0.354,0.285,0.269,0.213,61,271,78.3,21.1,2213,88,87.37,120,563,676,-0.6,5.96,113,154,115,148,284,318,297
1035,429666,J.J. Hardy,1035,100,0.217,0.106,0.252,0.323,0.255,0.268,0.229,55,254,83,14.8,2250,89.5,88.87,75,409,625,-0.6,6,108,151,112,147,295,315,282
906,595375,JT Riddle,906,100,0.25,0.105,0.3,0.355,0.276,0.268,0.226,57,228,80.8,11.4,2178,88.7,88.04,106,464,426,-0.7,6.01,108,146,101,148,288,314,298
364,458085,Chris Coghlan,364,100,0.2,0.067,0.264,0.267,0.261,0.268,0.201,15,75,76.9,11.8,2212,88.7,87.99,34,172,188,-0.7,5.9,108,146,104,149,290,321,298
440,452220,Stephen Drew,440,100,0.253,0.105,0.303,0.358,0.29,0.267,0.209,24,95,84.2,23,2151,88.1,87.83,38,177,263,-0.3,6.17,116,148,114,150,292,315,297
564,516949,Hector Sanchez,564,100,0.219,0.204,0.247,0.423,0.285,0.267,0.21,30,137,82.3,21.7,2189,89.2,88.62,86,293,267,-0.6,5.97,111,157,119,150,295,318,299
1051,621002,Daniel Robertson,1051,100,0.206,0.119,0.282,0.326,0.287,0.267,0.176,45,218,80.1,13,2232,88.8,88.09,106,434,611,-0.7,6.01,107,151,111,147,299,321,287
637,605113,Nick Ahmed,637,100,0.251,0.168,0.295,0.419,0.312,0.267,0.224,42,167,80,14.7,2225,88.2,87.59,93,326,297,-0.6,5.88,107,151,105,148,303,319,292
547,620443,Luis Torrens,547,100,0.163,0.041,0.215,0.203,0.208,0.267,0.217,20,123,79.5,9.5,2259,89.4,88.88,68,261,271,-0.5,5.93,110,150,112,146,297,315,287
1819,578428,Jose Iglesias,1819,100,0.255,0.114,0.285,0.369,0.287,0.266,0.246,118,463,79.1,13.6,2253,88.6,88.28,130,843,965,-0.3,6.08,105,148,102,145,294,312,277
853,605509,Kelby Tomlinson,853,100,0.258,0.057,0.327,0.314,0.293,0.266,0.221,50,194,76.8,11.4,2226,89.5,88.94,65,373,465,-0.6,6.01,107,148,102,146,295,307,277
677,553988,Dixon Machado,677,100,0.259,0.06,0.311,0.319,0.276,0.265,0.23,43,166,80.1,7.5,2210,89,88.79,59,274,400,-0.2,6.18,106,150,107,145,294,313,279
1367,430947,Erick Aybar,1367,100,0.234,0.114,0.262,0.348,0.287,0.265,0.218,78,333,79.5,12,2231,88.4,87.69,107,647,705,-0.7,5.9,108,148,100,147,285,312,293
2237,444876,Alcides Escobar,2237,100,0.25,0.107,0.291,0.357,0.272,0.265,0.243,150,599,79.2,17.6,2242,88.4,88.15,247,1186,1025,-0.3,6.1,104,148,101,145,298,314,281
443,624585,Jorge Soler,443,100,0.144,0.113,0.203,0.258,0.233,0.264,0.177,14,97,82.4,17.8,2223,87.9,87.56,62,177,261,-0.3,6.05,107,151,115,146,303,325,295
2117,641313,Tim Anderson,2117,100,0.257,0.145,0.328,0.402,0.293,0.264,0.229,151,587,80.1,12.1,2279,88,87.57,345,1158,948,-0.4,6.06,104,148,103,144,295,315,285
1033,501571,Juan Lagares,1033,100,0.25,0.115,0.309,0.365,0.29,0.264,0.223,63,252,79.5,12.6,2236,88.7,88.24,106,477,541,-0.5,6.1,106,150,105,147,297,313,288
1074,649557,Aledmys Diaz,1074,100,0.259,0.133,0.282,0.392,0.297,0.263,0.231,74,286,81.4,16.8,2232,87.6,86.91,124,560,504,-0.7,5.9,109,151,109,147,303,318,290
888,460060,Cliff Pennington,888,100,0.253,0.077,0.333,0.33,0.283,0.263,0.219,49,194,80.4,18.2,2169,88.7,88.21,98,394,486,-0.5,5.99,112,147,103,147,286,314,294
572,596144,Cheslor Cuthbert,572,100,0.231,0.091,0.301,0.322,0.266,0.263,0.22,33,143,80,21.2,2249,88.3,88.06,88,298,274,-0.2,6.11,109,151,113,146,301,319,288
414,452672,Ryan Hanigan,414,100,0.267,0.079,0.338,0.347,0.299,0.263,0.222,27,101,79,8.1,2190,89.8,89.57,40,180,225,-0.2,6.03,109,149,112,145,304,319,292
307,543216,Conor Gillaspie,307,100,0.163,0.125,0.159,0.288,0.224,0.262,0.209,13,80,81,13.3,2185,89.1,88.49,27,146,160,-0.6,5.97,115,153,119,148,285,315,302
482,430001,Rickie Weeks Jr.,482,100,0.216,0.124,0.413,0.34,0.301,0.261,0.165,21,97,81.8,18.8,2260,86.8,86.12,98,211,268,-0.7,6.02,107,152,115,147,294,326,291
1707,572365,Ryan Goins,1707,100,0.237,0.12,0.283,0.356,0.281,0.261,0.21,99,418,80.1,12.3,2191,88.2,87.65,161,756,941,-0.6,5.99,110,147,102,147,280,317,300
1335,434658,Rajai Davis,1335,100,0.234,0.113,0.297,0.347,0.284,0.261,0.214,79,337,80,15.6,2239,88.2,87.64,166,670,656,-0.6,5.97,103,147,101,143,296,316,285
1548,595978,Austin Hedges,1548,100,0.214,0.183,0.26,0.398,0.285,0.26,0.2,83,387,81.9,20.2,2288,88.3,87.6,261,815,717,-0.7,5.93,108,151,113,146,299,317,293
626,542454,Danny Santana,626,100,0.202,0.155,0.244,0.357,0.26,0.26,0.206,34,168,80.1,12.1,2121,88.2,87.76,96,345,273,-0.4,5.95,108,147,101,148,288,314,293
516,572863,Dustin Garneau,516,100,0.188,0.125,0.257,0.313,0.262,0.26,0.198,21,112,78.4,23.3,2248,88.1,87.77,83,270,242,-0.3,6,106,150,113,145,302,322,293
1766,542340,Jonathan Villar,1766,100,0.241,0.132,0.33,0.372,0.292,0.259,0.209,97,403,82.2,9.6,2155,88.7,88.1,256,837,906,-0.6,5.99,108,147,99,148,292,309,291
459,592710,Josh Rutledge,459,100,0.224,0.037,0.316,0.262,0.26,0.258,0.211,24,107,82.2,10.8,2239,89.1,88.63,48,198,259,-0.5,6.08,106,149,110,146,294,318,285
525,547982,Leonys Martin,525,100,0.172,0.109,0.207,0.281,0.231,0.258,0.2,22,128,78.3,14.1,2217,88.3,87.8,71,262,252,-0.5,5.98,108,144,96,147,281,313,297
432,571841,Ty Kelly,432,100,0.191,0.146,0.231,0.337,0.25,0.257,0.21,17,89,77,13.9,2226,89.7,89.53,37,165,266,-0.2,6.21,110,148,103,149,284,310,291
1375,435622,Ian Desmond,1375,100,0.274,0.1,0.345,0.375,0.31,0.256,0.213,93,339,83.1,6.4,2249,89.2,88.79,180,654,715,-0.4,5.96,108,151,112,147,309,326,300
348,573088,Cameron Perkins,348,100,0.182,0.091,0.227,0.273,0.228,0.256,0.21,16,88,81.4,9.8,2220,89,88.43,39,159,187,-0.6,6.05,107,152,111,148,296,318,292
584,571681,Rey Fuentes,584,100,0.235,0.103,0.296,0.338,0.272,0.256,0.217,32,136,77.6,12.7,2229,89.3,88.82,82,289,292,-0.5,5.96,111,147,100,148,287,314,299
539,608703,Matt Reynolds,539,100,0.23,0.071,0.333,0.301,0.288,0.255,0.186,26,113,81.7,13.9,2201,89.8,89.49,61,215,318,-0.3,6.16,109,152,112,147,299,312,288
686,642162,Pat Valaika,686,100,0.257,0.273,0.291,0.53,0.333,0.255,0.211,47,183,79.1,18.7,2196,88.4,87.97,123,382,303,-0.4,5.92,107,150,110,146,306,322,297
597,446481,Sean Rodriguez,597,100,0.167,0.129,0.243,0.295,0.261,0.255,0.169,22,132,78,18.1,2206,88.9,88.7,115,297,292,-0.2,6.17,108,152,111,146,302,320,289
1814,592261,Delino DeShields,1814,100,0.269,0.098,0.358,0.367,0.311,0.255,0.191,101,376,76.7,12.5,2252,89.1,88.75,165,707,1082,-0.3,6.08,101,145,98,143,297,312,281
752,425772,Jeff Mathis,752,100,0.215,0.108,0.309,0.323,0.267,0.254,0.203,40,186,79.6,18,2264,88.4,87.81,129,386,355,-0.6,5.93,107,150,109,146,300,317,291
2397,543829,Dee Gordon,2397,100,0.308,0.067,0.354,0.375,0.318,0.254,0.237,201,653,75.7,6.9,2207,88.9,88.37,186,1256,1087,-0.5,6.05,101,144,90,144,274,303,293
1084,572073,Joey Rickard,1084,100,0.241,0.103,0.303,0.345,0.272,0.253,0.222,63,261,78.8,20.1,2219,88.8,88.17,120,499,575,-0.6,5.95,104,147,104,144,296,314,281
571,455755,Chris Stewart,571,100,0.183,0.038,0.22,0.221,0.211,0.253,0.22,24,131,77.6,11.7,2198,89.5,89.08,36,228,332,-0.4,6.04,109,150,110,147,297,306,278
716,571788,Brock Holt,716,100,0.2,0.043,0.259,0.243,0.26,0.252,0.189,28,140,78.9,7.5,2242,88.9,88.59,41,268,442,-0.3,6.07,112,147,104,147,272,310,298
870,400085,Ichiro Suzuki,870,100,0.255,0.077,0.297,0.332,0.293,0.252,0.212,50,196,75.4,9.7,2168,89.9,89.4,70,392,467,-0.5,6.09,111,146,101,145,274,305,294
720,460077,Drew Butera,720,100,0.227,0.092,0.286,0.319,0.27,0.251,0.212,37,163,79.3,20,2243,88.9,88.83,70,329,390,-0.1,6.16,109,149,110,145,299,315,283
434,458913,Eric Young Jr.,434,100,0.264,0.155,0.333,0.418,0.325,0.251,0.198,29,110,78.4,7.2,2204,88.6,88.06,66,220,204,-0.5,6,102,144,95,144,285,312,292
1332,446381,Darwin Barney,1332,100,0.232,0.095,0.27,0.327,0.264,0.251,0.224,78,336,78,16,2246,88.8,88.27,117,659,661,-0.5,6.01,107,148,106,145,293,315,280
360,449107,Mike Aviles,360,100,0.233,0.058,0.271,0.291,0.262,0.251,0.22,20,86,76.2,18.5,2211,88.4,87.68,23,164,183,-0.7,6.01,107,150,111,147,295,309,282
553,433217,Andres Blanco,553,100,0.192,0.1,0.232,0.292,0.247,0.248,0.189,25,130,80.2,16.7,2154,89.8,89.35,88,294,258,-0.4,6.11,110,149,106,150,286,313,291
1108,457787,Danny Espinosa,1108,100,0.173,0.105,0.261,0.278,0.236,0.248,0.175,46,266,80.2,18.3,2225,89,88.45,239,572,511,-0.5,6.01,108,147,106,146,295,322,298
803,571918,Deven Marrero,803,100,0.211,0.123,0.296,0.333,0.257,0.244,0.2,36,171,78.9,10.4,2254,88.9,88.37,107,370,423,-0.5,6.01,103,146,107,144,291,315,286
277,492802,Juan Graterol,277,100,0.202,0.048,0.233,0.25,0.2,0.243,0.246,17,84,78.4,7.9,2177,88.8,88.36,37,162,115,-0.4,6.03,107,148,113,145,300,317,288
2518,571740,Billy Hamilton,2518,100,0.247,0.088,0.313,0.335,0.282,0.243,0.215,144,582,74.8,14.2,2178,88.4,87.96,224,1141,1349,-0.4,6.07,99,142,90,143,280,304,285
1075,591720,Ronald Torreyes,1075,100,0.292,0.083,0.326,0.375,0.299,0.241,0.226,92,315,76.9,14.3,2263,88.6,88.05,100,631,436,-0.5,6,105,150,102,145,290,309,274
1080,605480,Mallex Smith,1080,100,0.27,0.086,0.347,0.355,0.305,0.239,0.199,69,256,74,9.3,2237,88.8,88.18,152,501,543,-0.6,6,102,145,94,144,277,313,294
814,488721,Peter Bourjos,814,100,0.223,0.16,0.282,0.383,0.284,0.236,0.19,42,188,80.3,12.7,2200,88.5,87.86,114,392,414,-0.6,6.06,102,148,102,145,296,319,285
698,506560,Alexi Amarista,698,100,0.238,0.113,0.291,0.351,0.271,0.234,0.216,40,168,79,17.3,2200,89.1,88.77,69,357,341,-0.3,5.98,109,147,101,148,288,314,299
319,642156,Stuart Turner,319,100,0.134,0.11,0.153,0.244,0.187,0.233,0.188,11,82,83.2,14.3,2200,89.1,88.91,40,151,168,-0.2,6.2,107,148,114,145,297,309,283
1153,573135,Tyler Saladino,1153,100,0.178,0.051,0.242,0.229,0.225,0.23,0.18,45,253,80.1,16.6,2258,88.3,87.85,119,484,660,-0.5,6.07,105,149,104,145,294,314,281
855,593700,Alen Hanson,855,100,0.221,0.124,0.268,0.346,0.265,0.23,0.194,48,217,78.5,11.9,2228,88.8,88.31,110,430,417,-0.5,6.05,106,145,97,144,284,311,291
593,592444,JaCoby Jones,593,100,0.17,0.099,0.288,0.27,0.232,0.23,0.164,24,141,78.5,15.3,2198,87.9,87.58,113,285,301,-0.3,6.16,104,150,108,145,299,318,287
642,642708,Amed Rosario,642,100,0.248,0.145,0.33,0.394,0.288,0.228,0.205,41,165,78.7,12.5,2254,88.3,88.08,127,355,284,-0.2,6.2,106,151,106,147,298,315,289
298,608325,Gavin Cecchini,298,100,0.208,0.065,0.263,0.273,0.24,0.228,0.192,16,77,77.8,17.3,2222,87.3,86.95,36,158,135,-0.4,6.12,107,151,109,147,296,308,282
1222,489267,Adam Rosales,1222,100,0.225,0.128,0.312,0.353,0.264,0.226,0.189,65,289,80.3,16.5,2244,88,87.44,208,582,629,-0.6,5.96,105,149,106,145,298,317,288
598,624507,Ryder Jones,598,100,0.173,0.1,0.25,0.273,0.235,0.225,0.166,26,150,79.2,16.5,2181,88,87.62,94,304,277,-0.4,6.01,116,151,116,150,292,318,300
1320,641553,Adam Engel,1320,100,0.166,0.116,0.247,0.282,0.228,0.223,0.164,50,301,76.4,17.8,2294,88.5,88.3,218,628,672,-0.2,6.14,105,148,102,143,295,315,287
366,608671,Travis Jankowski,366,100,0.187,0.027,0.298,0.213,0.233,0.222,0.164,14,75,79.1,11.8,2236,88.6,87.56,44,157,205,-1,5.75,106,145,97,143,279,309,298
506,571912,Luke Maile,506,100,0.146,0.085,0.181,0.231,0.181,0.202,0.165,19,130,77.5,14.7,2238,89.3,88.7,55,243,260,-0.6,6,106,151,113,145,296,320,286
415,570489,Arismendy Alcantara,415,100,0.171,0.076,0.258,0.248,0.189,0.173,0.162,18,105,78,12,2166,88.2,87.79,73,212,202,-0.4,6.07,107,145,100,145,286,308,285
